Workbook

Sheet 문서 개요
A2: 《Hero Influence》 전투 데이터 테이블
B4: 수정 날짜 | C4: 버전 | D4: 담당자 | E4: 수정 내역 | F4: 비고
B5: 46108 | C5: V1.0 | D5: 강현재 | E5: 아군 및 적군 유닛 임시 스테이터스 기입, 직업 스킬 기획
B6: 46114 | C6: V1.1 | D6: 강현재 | E6: 성장 시스템 및 테이블 필드 정의
B7: 46115 | C7: V1.2 | D7: 강현재 | E7: 무기 및 무기 스킬 콘텐츠
B8: 46119 | C8: V1.3 | D8: 강현재 | E8: 1. 복수 스킬 타깃 판정용 필드 추가: 스킬 복수 대상, 스킬 복수 대상 타입, 스킬 복수 대상 수 2. 적군 유닛 시트 및 필드 정의 추가: 경험치, 드롭 아이템 인덱스, 드롭 수량, 드롭 확률
B9: 46120 | C9: V2.0 | D9: 강현재 | E9: 1. 유닛 수 추가 → 단계별 스테이터스 정의 2. 스탯 시뮬레이터 재생성
B10: 46121 | C10: V2.1 | D10: 강현재 | E10: 3. 성장 시스템 수정 (유닛/유닛 그룹 분화 반영) 4. 적군 유닛 → 적군 유닛 그룹 개편 5. 1:1 전투 시뮬레이터
B11: 46125 | C11: V3.1 | D11: 강현재 | E11: 적 파티 AI 시트 추가
B12: 46132 | C12: V4.0 | D12: 강현재 | E12: I.P 시스템 추가 및 이에 따른 아군 유닛 스테이터스 구조 변경 1) 유닛-유닛그룹-파티 → 유닛-파티 구조 복귀 2) 성장 시스템 개편 3) 아군 유닛, 적군 유닛, 스탯 시뮬레이터, 전투 시뮬레이터 반영 및 기초 밸런스 4) 적군 파티 AI 간략화
B13: 46133 | C13: V4.1 | D13: 강현재 | E13: 스킬 코스트 추가
B14: 46133 | C14: V4.2 | D14: 강현재 | E14: 스킬 사정거리 라인 추가
B15: 46141 | C15: V4.3 | D15: 강현재 | E15: 적군 AI 시트 보류 용어 수정
B16: 46149 | C16: V4.4 | D16: 강현재 | E16: 1) 적 시트 스킬 사정거리 라인 추가 2) 아군 유닛 시트 레벨별 스테이터스 추가 3) 직업 스킬 효과 부활 2 추가 4) 열 전체 스킬용 복수 대상 타깃 번호 9번 추가
... B22: 46196 | C22: V7.2 | D22: 강현재 | E22: 자동 결과 공식 추가
A24: 1. 문서 목적
B25: 본 문서는 《Hero Influence》의 전투 시스템 구현 및 밸런싱에 필요한 핵심 데이터를 정의하는 것을 목적으로 한다. 1) 전투 시스템 구현에 필요한 데이터 기준을 정리한다. 2) 성장, 스킬, 무기, I.P 등 전투 관련 구조를 데이터 테이블 형태로 관리한다. 3) 전투 시뮬레이션과 밸런스 조정에 필요한 공통 참조 기준을 제공한다.
A27: 2. 문서 기획 의도
B28: 본 데이터 테이블은 전투 밸런스를 통해 플레이어의 진행 동선을 유도하고, 전투 중심 플레이와 자원 확보 중심 플레이 사이의 선택을 제공하여 전략적 판단의 재미를 강화한다. 1) 전투 난이도와 보상 구조를 조정하여, 플레이어가 기획된 동선과 성장 흐름을 따라가도록 유도한다. 2) 전투 중심 플레이와 자원 확보 중심 플레이의 효율을 비교할 수 있도록 하여, 플레이어가 어떤 방식으로 성장할지 판단하도록 한다. 3) 스킬 강화, 무기 강화, I.P 사용에 따른 전투 성능 변화를 조정하여, 자원 투자 선택이 전투 결과에 유의미하게 반영되도록 한다. 4) 전투 시뮬레이션을 통해 특정 플레이 방식이 과도하게 유리하거나 불리해지지 않도록 밸런스를 검증한다.
A30: 3. 문서 범위
B31: 1) 스테이터스 정의 및 계산 규칙 | E31: ‘스테이터스’ 시트
B32: 2) 성장 시스템 정의, 랭크별 스테이터스 증가 규칙, 필요 경험치 | E32: ‘성장 시스템’ 시트
B33: 3) 아군 직업별 기본 스테이터스 및 레벨별 스테이터스 | E33: ‘아군 유닛’ 시트
B34: 4) 적군 스테이터스, 스킬, 보상 경험치 | E34: ‘적군 유닛’ 시트
B35: 5) 직업 스킬 데이터 및 스킬 레벨별 계수 | E35: ‘직업 스킬’ 시트
B36: 6) 무기 데이터, 무기 레벨별 보너스 스테이터스, 무기 스킬 레벨별 계수 | E36: ‘무기’ 시트
B37: 7) 랭크별 스테이터스 변동 계산 | E37: ‘스탯 시뮬레이터’ 시트
B38: 8) 전투 대미지 및 전투 결과 계산 | E38: ‘전투 시뮬레이터’ 시트
A40: 4. 문서 대상
B41: 본 문서는 다음 인원을 대상으로 한다. 1) 전투 시스템 기획자 2) 전투 시스템 프로그래머 3) 밸런스 담당 기획자

Sheet 스테이터스
A2: 1. 유닛 단위 정의
B3: 1) 유닛
B4: 유닛(Unit)은 전투에서 직접 행동하는 최소 단위이며 (V2.0-3.0의 유닛-유닛 그룹-파티 구조에서 V1.0의 유닛-파티 구조로 복귀한다), 각 유닛은 랭크(기존 레벨 개념)에 따라 성장하는 독립적인 스테이터스(체력, 공격력, 방어력, 치명타율, 반격률, 피해 경감률, 스피드)와 호감도(기존 유닛수 대체)를 가진다. 유닛은 클래스에 따라 외형 및 보유 스킬, 역할이 구분된다.
B6: 2) 파티
B7: 파티는 2×3 슬롯으로 구성되며, 프로토타입 기준으로 플레이어 파티는 4개의 유닛 + 2개의 빈 슬롯으로 구성된다. 인카운터 전투는 1:1 파티 단위로 수행된다. 각 유닛의 유닛 공격력과 유닛 체력, 유닛 방어력을 합산해 파티 전투력을 표시한다. 필드 이동 시 파티 단위로 이동하게 된다.
A9: 2. 단위별 스테이터스
B10: 1) 유닛 스테이터스
B11: 스테이터스명 | C11: 설명 | D11: 규칙
B12: 유닛 랭크 | C12: 유닛이 경험치를 통해 올릴 수 있는 등급 A-Z 사이 대문자 알파벳으로 표시한다. 유닛이 다음 랭크에 도달할 때마다 다음 중 일부 효과가 적용된다. (구체적인 성장 공식 및 랭크별 받는 효과는 성장 시스템 시트 참조) 1. 일부 유닛 스테이터스(최대 체력, 공격력, 방어력)에 랭크업 보정치를 추가 2. 특정 랭크에 신규 직업 스킬 습득 3. 특정 랭크마다 유닛 최대 I.P 증가 | D12: 매 랭크 업 시, 유닛 스테이터스 증가 Lv1 직업 스킬 (기본 스킬) Lv2 최대 I.P 증가 Lv3 직업 스킬 Lv4 최대 I.P 증가 Lv5 직업 스킬 Lv6 최대 I.P 증가 Lv7 직업 스킬 Lv8 최대 I.P 증가 Lv9 최대 I.P 증가 Lv10 직업 스킬 Lv11 최대 I.P 증가 Lv12 직업 스킬 Lv13 최대 I.P 증가 Lv14 최대 I.P 증가 Lv15 직업 스킬
B13: 유닛 체력 | C13: 유닛이 생존하기 위해 지닌 체력 | D13: * 유닛 최대 체력 > 0 * 유닛 최대 체력 > 유닛 현재 체력 * 유닛 현재 체력이 0일 경우 리타이어 상태 전환
B14: 유닛 공격력 | C14: 유닛이 지닌 공격력, 유닛 대미지 계산에 사용된다 | D14: * 기본 피해량 = (공격 유닛 공격력 - 피격 유닛 방어력) × 스킬 계수 × 유닛 I.P 보정
B15: 유닛 방어력 | C15: 유닛이 지닌 방어력, 유닛 대미지 계산에 사용된다
B16: 유닛 I.P | C16: I.P(Influence)는 각 유닛이 보유하는 전투 자원으로, 시민의 지지를 통해 형성된 전투력의 크기를 나타낸다. 호감도는 유닛 단위로 개별 관리되며, 전투 및 탐사 과정에서 증가하거나 감소한다. 현재 호감도는 해당 유닛의 전투 성능에 직접적으로 영향을 주며, 스킬 계수에 반영된다. | D16: * 유닛 최대 호감도 > 유닛 현재 호감도 * 기본 유닛 호감도 100(현재)/200(최대) * 호감도 계수 = 현재 호감도 / 100 예시) 기본 I.P 100일 때 호감도 보정 100% 0일 때 호감도 보정 0%, 200일 때 호감도 보정 200% * 유닛 현재 호감도가 0일 경우, 호감도 소모 스킬 사용 불가
B17: 치명타율 | C17: 유닛이 공격했을 때, 치명타가 발생할 확률 | D17: * 치명타 발생시, 주는 대미지 증가: 기본 피해량의 150% 대미지 증가 * 치명타율 최대 70%
B18: 반격율 | C18: 전열 유닛이 공격을 받았을 때 반격할 확률 | D18: * 반격 발생시, 상대에게 반격자 공격력의 50% 대미지 증가 * 반격률 최대 70%
B19: 피해 경감율 | C19: 후열 유닛이 공격을 받았을 때 대미지를 경감시킬 확률 | D19: * 피해 경감 발생 시, 받는 피해량을 50% 감소 * 피해경감율 최대 70%
B20: 스피드 | C20: 전투 시 유닛의 행동 순서를 1차적으로 정하기 위한 기준값 | D20: * 0 ~ 4 범위 내 정수
B22: 2) 파티 스테이터스 (인카운트 전투 진입 전 적군 파티의 전투력을 가늠하기 위해 사용)
B23: 스테이터스명 | C23: 설명 | D23: 규칙
B24: 파티 체력 | C24: 파티 내 모든 유닛의 현재 체력 합 | D24: * 모든 유닛의 현재 유닛 체력 합 × 파티 체력 계수(기본값 1)
B25: 파티 공격력 | C25: 파티 내 모든 유닛의 공격력 합, 탐험 필드 내 NPC간 전투에서 필드 기본 피해량 계산에 사용된다 | D25: * 모든 유닛의 현재 유닛 공격력 합 × 파티 공격력 계수(기본값 1)
B26: 파티 방어력 | C26: 파티 내 모든 유닛의 방어력 합 | D26: * 모든 유닛의 현재 유닛 방어력 합 × 파티 방어력 계수(기본값 1)
B27: 파티 전투력 | C27: 플레이어가 상대와 자신의 전력차를 가늠해 볼 수 있도록 파티 내 유닛들의 강함을 숫자로 표기 | D27: * 파티 전투력 = 파티 체력 + 파티 공격력 + 파티 방어력

Sheet 성장 시스템
A2: 1. 성장 시스템 방향성
B3: 《Hero Influence》의 전투는 게임의 핵심인 4X (탐험, 확장, 성장, 섬멸) 진행 중 발생하는 턴제 전투가 전체 게임 흐름을 크게 끊지 않도록 하는 것을 목표로 한다. 이에 따라 성장 시스템은 다음 4가지 방향성을 가진다. 1) 초반에는 1~2회, 중후반에는 2~3회의 인카운터 전투를 통해 유닛이 랭크업하도록 설계 2) 전투 템포를 유지하기 위해 체력 및 방어력의 성장률은 완만하게 설계 3) 공격력이 체력보다 상대적으로 빠르게 성장하도록 설계 4) 클래스 간 역할 구분은 유지하되, 모든 클래스가 전열과 후열 모두에서 정밀의 코어용 가능하도록 설계 - 동일 랭크 적 기준, 최소 1회의 공격을 생존할 수 있도록 체력 및 체력 성장률 설계 - 동일 랭크 적 기준, 1회 공격 시 최소 피해량이 대상 최대 체력의 10~25% 이상이 되도록 설계 3) 유닛의 기본 전투 성능은 랭크에 따라 결정되지만, 실제 전투 결과에 미치는 영향은 I.P가 더 크게 작용하도록 설계
A5: 2. 랭크업 스테이터스 증가 규칙
B6: 1) 랭크업을 해도 수치가 변하지 않는 스테이터스는 다음과 같다. - 치명타율 - 반격률 - 피해 경감율 - 스피드 (상기 스테이터스는 랭크업으로는 증가하지 않으며, 장비 착용, 진형 효과, 스킬 효과 등으로만 변동) 2) 랭크업에 따라 수치가 증가하는 스테이터스는 다음과 같다. - 유닛 최대 체력 - 유닛 공격력 - 유닛 방어력 3) 유닛 랭크업 시, 유닛의 현재 체력은 최대 체력으로 회복된다. 4) 지정된 랭크 달성 직후, 최대 I.P가 증가한다. (오르는 랭크 시점 및 양은 전투 경험치 테이블 참조) 5) 유닛 시민 현재 호감도는 증가하지 않으며, 기존 수치를 그대로 유지한다.
A8: 3. 유닛 랭크업 추가 스테이터스
B9: 1) 유닛 스테이터스는 랭크가 오를 때마다 랭크업 기본 보정치 + 클래스별 추가 보정치가 추가된다. 2) 랭크업 추가 보정치는 클래스마다 오르는 스테이터스 수치가 다르나 올라가는 총합은 동일하다. 3) 예시 - F랭크 가디언, 최대 체력 10 - E랭크 가디언, 최대 체력 = 10 + 1 (기본 보정치) + 3 (추가 보정치) = 14 - D랭크 가디언, 최대 체력 = 14 + 1 + 3 = 18
B11: 기본 보정치 | C11: 유닛 최대 체력 | D11: 유닛 공격력 | E11: 유닛 방어력
C12: 1 | D12: 1 | E12: 1
B14: 클래스별 추가 보정치 | C14: 유닛 최대 체력 | D14: 유닛 공격력 | E14: 유닛 방어력
B15: 가디언 | C15: 2 | D15: 1 | E15: 0
B16: 블래스터 | C16: 0 | D16: 2 | E16: 0
B17: 스트라이커 | C17: 1 | D17: 1 | E17: 0
B18: 서포터 | C18: 1 | D18: 0 | E18: 1
B19: 파이터 | C19: 0 | D19: 1 | E19: 1
A21: 4. 경험치 획득 규칙
B22: 1) 경험치는 인카운트 전투 승리 시 획득한다. (전투 패배 시에는 획득하지 않는다.) 2) 얻는 총 경험치는 쓰러트린 모든 적의 경험치 합산이다. 3) 전투 승리 시 생존 상태의 모든 유닛은 총 경험치 ÷ 파티 내 전체 유닛 수(4) 만큼의 경험치를 균등하게 나눠 얻는다. 4) 딱 나눠 떨어지지 않을 경우, 남은 경험치는 누적 경험치가 가장 낮은 임의의 유닛에게 돌아간다. 5) 리타이어한 유닛 몫의 경험치는 상실된다. (의도: 특정 유닛을 의도적으로 리타이어 상태로 유지하여 경험치를 집중시키는 플레이를 방지하기 위함) 예시) 게임 시작 시 4인 파티 중 생존 유닛 3명 총 경험치: 30 A (생존): 7 B (생존): 7 C (생존): 9 (7 + 잔여 경함치 2) D (리타이어): 0 (경험치 7 상실)
S27: 빌런 수 최소값(2) → 랭크업당 2~6번 전투
S38: 빌런 수 평균값(4) → 랭크업당 1~3번 전투
R48: 빌런 수 최대값(5) → 랭크업당 1~2번 전투

Sheet 필드 정의
A2: 1. 인덱스
B3: 개발명 | C3: 필드명 | D3: 타입 | E3: 표기 규칙
B4: 아군 유닛 인덱스 | C4: ClassIndex | D4: int | E4: 1로 시작하는 다섯 자리 자연수로 표기, 예시) 10001
B5: 적군 유닛 인덱스 | C5: EnemyIndex | D5: int | E5: 2로 시작하는 다섯 자리 자연수로 표기, 예시) 20001
B6: 적군 파티 인덱스 | C6: EnemyArmyIndex | D6: int | E6: 3로 시작하는 다섯 자리 자연수로 표기, 예시) 30001
B7: 직업 스킬 인덱스 | C7: ClassSkillIndex | D7: int | E7: 네 자리 자연수로 표기, 예시) 1010 (맨 첫자리는 직업 코드: 1 가디언 2 스트라이커 3 위저드 4 서포터)
B8: 적군 스킬 인덱스 | C8: EnemySkillIndex | D8: int | E8: 2로 시작하는 여섯 자리 자연수로 표기, 예시) 210001
B9: 무기 인덱스 | C9: WeaponIndex | D9: int | E9: 3으로 시작하는 여섯 자리 자연수로 표기, 예시) 310001 (3 무기 + 1~3 장비 종류 + 0 + 1~9 직업 코드 + 01~99 인덱스)
B10: 무기 스킬 인덱스 | C10: WeaponSkillIndex | D10: int | E10: 3으로 시작하는 여섯 자리 자연수로 표기, 예시) 311010 (3 무기 + 1~3 장비 종류 + 1~9 직업 코드 + 001~999 인덱스)
A12: 2. 아군/적군 캐릭터 공통 스테이터스 (인카운트 전투 시 사용)
B13: 개발명 | C13: 필드명 | D13: 타입 | E13: 표기 규칙
B14: 유닛 최대 체력 | C14: UnitMaxHP | D14: int | E14: UnitMaxHP > 0
B15: 유닛 공격력 | C15: UnitATK | D15: int | E15: 999 > UnitATK > 0
B16: 유닛 방어력 | C16: UnitDEF | D16: int | E16: 999 > UnitDEF > 0
B17: 치명타율 | C17: CriticalRate | D17: int | E17: n % 단위로 표기, 70% ≥ CriticalRate
B18: 반격율 | C18: CounterRate | D18: int | E18: n % 단위로 표기, 70% ≥ CounterRate
B19: 피해 경감 확률 | C19: ReduceRate | D19: int | E19: n % 단위로 표기, 70% ≥ ReduceRate
B20: 스피드 | C20: Speed | D20: int | E20: 4 ≥ Speed ≥ 0
A22: 3. 스킬 공통 데이터
B23: 개발명 | C23: 필드명 | D23: 타입 | E23: 표기 규칙
B24: 스킬 효과 | C24: SkillEffect | D24: int | E24: 0 공격 스킬 (적군을 대상으로 함) 1 회복 스킬 (아군을 대상으로 함) 2 부활 스킬 (리타이어 상태의 아군을 대상으로 함)
B25: 스킬 사정거리 | C25: SkillRange | D25: int | E25: 0 근거리 스킬 1 원거리 스킬
B26: 스킬 사정거리 라인 | C26: SkillRangeLine | D26: int | E26: 0 전열 우선 (전열이 있을 경우 전열 공격) 1 전열/후열 선택 가능 2 후열 우선 (추후 확장 시, 3 전열만 4 후열만)
B27: 스킬 대상 | C27: SkillTarget | D27: int | E27: 0 단일 대상 1 복수 대상(한 열, 2인 등) 2 전체 대상 0일 경우, 스킬 대상 1명을 고른다 1일 경우, 범위는 스킬 설명에 따라 선택한다 2일 경우, 대상 선택 없이 바로 실행한다
B28: 스킬 복수 대상 | C28: SkillMultiTarget | D28: list<int> | E28: 스킬 대상(SkillTarget)이 1인 경우 사용 복수 대상 스킬이 선택된 최초 타깃(0)을 기준으로 한 추가 타깃 후보 위치 목록 (범위 내 유닛이 존재하는 칸만 유효 타깃으로 처리, 범위 밖 무시) 근거리 스킬의 최초 선택 타깃은 기존 전열 우선 규칙을 따른다. * 추가 타깃 포지션 번호 타깃 중복: 0, 상단: 1, 우상단: 2, 우측: 3, 우하단: 4, 하단: 5, 좌하단: 6, 좌측: 7, 좌상단: 8, 열 전체 9
B29: 스킬 복수 대상 타입 | C29: SkillMultiTargetType | D29: int | E29: 스킬 대상(SkillTarget)이 1인 경우 사용 0 추가 타깃 후보 전체 적용 1 추가 타깃 후보 중 n명 랜덤 선택 | G29: 8 | H29: 1 | I29: 2
B30: 스킬 복수 추가 대상 수 | C30: SkillMultiTargetCount | D30: int | E30: 스킬 복수 대상 타입(SkillMultiTargetType)이 1인 경우 사용 | G30: 7 | H30: 타깃(0) | I30: 3
B31: Lv○ 스킬 계수 | C31: SkillValue Lv○ | D31: float | E31: 공격 스킬: % 단위 표시 (예: 150%) 회복 스킬: 고정 수치 표시 | G31: 6 | H31: 5 | I31: 4
B32: Lv○ 추가 스킬 계수 | C32: SkillSubValue Lv○ | D32: float | E32: 스킬 대상(SkillTarget)이 1인 경우 사용 서로 다른 계수를 가진 복수 범위 스킬, 여러 번 공격하는 스킬 등에 사용 | G32: 열 전체 | H32: 9
B33: IP 코스트 | C33: IPCost | D33: int | E33: 스킬 사용에 필요한 IP 량
A35: 4. 아군 유닛
B36: 개발명 | C36: 필드명 | D36: 타입 | E36: 표기 규칙
B37: 아군 유닛 인덱스 | C37: ClassIndex | D37: int | E37: 1로 시작하는 다섯 자리 자연수로 표기, 예시) 10001
B38: 유닛명 | C38: UnitName | D38: string | E38: 히어로 이름
B39: 클래스명 | C39: ClassName | D39: string | E39: 서로 다른 스테이터스를 가진 직업군, 캐릭터 생성 시 선택
B40: 클래스 콘셉트 | C40: ClassConcept | D40: string | E40: 유닛 콘셉트 소개
B41: 히어로 타입 (보류) | C41: HeroType | D41: string | E41: 히어로 유형, 예시) 인간, 사이보그, 수인 등
B42: 캐릭터 공통 스테이터스
B43: 사용 가능 직업 스킬 | C43: ClassSkillIndexList | D43: list<int> | E43: 착용 가능한 직업 스킬 인덱스, 중괄호{} 내 공백 없이 숫자와 쉼표로 기입, 예시) 1010,1020,1030,1040,1050,1060,1070
B44: 사용 가능 무기 | C44: WeaponIndexList | D44: list<int> | E44: 착용 가능한 무기 인덱스, 중괄호{} 내 공백 없이 숫자와 쉼표로 기입, 예시) 310101,310102,310103,310104,310105,310106,310107
B45: 레벨별 증가 체력 | C45: LevelGrowthMaxHP | D45: int | E45: 레벨별 증가하는 최대 체력 수치, 기본 증가치(1) + 직업별 최대 체력 증가치
B46: 레벨별 증가 공격력 | C46: LevelGrowthMaxAtk | D46: int | E46: 레벨별 증가하는 공격력 수치, 기본 증가치(1) + 직업별 공격력 증가치
B47: 레벨별 증가 방어력 | C47: LevelGrowthMaxDef | D47: int | E47: 레벨별 증가하는 방어력 수치, 기본 증가치(1) + 직업별 방어력 증가치
B48: LV1~LV15 유닛 최대 체력 | C48: Lv1UnitMaxHP ~ Lv15UnitMaxHP | D48: int | E48: csv 파싱용 레벨별 최대 체력
B49: LV1~LV15 유닛 공격력 | C49: LV1UnitATK ~ LV15UnitATK | D49: int | E49: csv 파싱용 레벨별 공격력
B50: LV1~LV15 유닛 방어력 | C50: LV1UnitDEF ~ LV15UnitDEF | D50: int | E50: csv 파싱용 레벨별 방어력
A52: 5. 적군 유닛
B53: 개발명 | C53: 필드명 | D53: 타입 | E53: 표기 규칙
B54: 적군 유닛 인덱스 | C54: EnemyIndex | D54: int | E54: 2로 시작하는 다섯 자리 자연수로 표기, 예시) 20001
B55: 적군 유닛명 | C55: EnemyName | D55: string | E55: 서로 다른 스테이터스를 가진 직업군, 캐릭터 생성 시 선택
B56: 적군 유닛 콘셉트 | C56: EnemyConcept | D56: string | E56: 유닛 콘셉트 소개
B57: 캐릭터 공통 스테이터스
B58: 적군 스킬1 스킬명 | C58: EnemySkill1Name | D58: string | E58: 사용할 적군 스킬1
B59: 적군 스킬1 설명 | C59: EnemySkill1Description | D59: string
B60: 적군 스킬1 스킬 공통 데이터
B61: 적군 스킬2 스킬명 | C61: EnemySkill2Name | D61: string | E61: 사용할 적군 스킬2
B62: 적군 스킬2 설명 | C62: EnemySkill1Description | D62: string
B63: 적군 스킬2 스킬 공통 데이터
B64: 적군 유닛 행동 규칙 | C64: UnitAI | D64: string
B65: 경험치 | C65: ExperiencePoint | D65: int
B66: 드롭 아이템 1 인덱스 | C66: DropItem1Index | D66: list<int> | E66: 무기 등 적군 유닛이 드롭하는 아이템 인덱스 리스트, 예시) {310101,310201,310301,310401} (균등 확률로 랜덤 드롭) 프로토 타입에서는 리스트는 1개로 제한, 아이템 시스템 확정 후 드롭 리스트 최대 2개까지 확장 가능
B67: 드롭 아이템 1 드롭 수량 | C67: DropItem1Count | D67: int | E67: 프로토 타입 단계에서는 드롭 수량 고정, 아이템 시스템 확정 후 일반/소비 아이템이 추가될 경우 랜덤 수량으로 확장 가능
B68: 드롭 아이템 1 드롭 확률 | C68: DropItem1Rate | D68: int | E68: n % 단위로 표기
A70: 6. 직업 스킬
B71: 개발명 | C71: 필드명 | D71: 타입 | E71: 표기 규칙
B72: 직업 스킬 인덱스 | C72: ClassSkillIndex | D72: int | E72: 네 자리 자연수로 표기, 예시) 1010 (맨 첫자리는 직업 코드: 1 가디언 2 스트라이커 3 위저드 4 서포터)
B73: 사용 직업명 | C73: Class | D73: string | E73: 참조용
B74: 직업 스킬 습득 레벨 | C74: ClassSkillAcquireLevel | D74: int
B75: 직업 스킬명 | C75: ClassSkillName | D75: string
B76: 직업 스킬 설명 | C76: ClassSkillDescription | D76: string
B77: 직업 스킬 스킬 공통 데이터
A79: 7. 무기
B80: 개발명 | C80: 필드명 | D80: 타입 | E80: 표기 규칙
B81: 무기 인덱스 | C81: WeaponIndex | D81: int | E81: 3으로 시작하는 여섯 자리 자연수로 표기, 예시) 310001 (3 무기 + 1~3 장비 종류 + 0 + 1~9 직업 코드 + 01~99 인덱스)
B82: 무기명 | C82: WaeponName | D82: string
B83: 무기 설명 | C83: WaeponDescription | D83: string
B84: 최대 체력 증가량 Lv○ | C84: BonusMaxHP Lv○ | D84: int
B85: 공격력 증가량 Lv○ | C85: BonusATK Lv○ | D85: int
B86: 방어력 증가량 Lv○ | C86: BonusDEF Lv○ | D86: int
B87: 치명타율 증가량 | C87: BonusCriticalRate | D87: int | E87: n % 단위로 표기
B88: 반격율 증가량 | C88: BonusCounterRate | D88: int | E88: n % 단위로 표기
B89: 피해 경감 확률 증가량 | C89: BonusReduceRate | D89: int | E89: n % 단위로 표기
B90: 스피드 증가량 | C90: BonusSpeed | D90: int
B91: 무기 스킬 인덱스 | C91: WaeponSkillIndex | D91: int | E91: 3으로 시작하는 여섯 자리 자연수로 표기, 예시) 311010 (3 무기 + 1~3 장비 종류 + 1~9 직업 코드 + 001~999 인덱스)
B92: 무기 스킬명 | C92: WaeponSkillName | D92: string
B93: 무기 스킬 설명 | C93: WaeponSkillDescription | D93: string
B94: 무기 스킬 스킬 공통 데이터

Sheet 직업 스킬(기획용)
A1: ClassSkillIndex | B1: Class | C1: ClassSkill AcquireRank | D1: ClassSkillName | E1: ClassSkillDescription | F1: IPCost | G1: ClassSkillEffect | H1: ClassSkillRange | I1: ClassSkillRangeLine | J1: ClassSkillTarget | K1: ClassSkillMultiTarget | L1: ClassSkill MultiTargetType | M1: ClassSkill MultiTargetCount | N1: ClassSkillValueLv1 | O1: ClassSkillSubValueLv1 | P1: ClassSkillValueLv2 | Q1: ClassSkillSubValueLv2 | R1: ClassSkillValueLv3 | S1: ClassSkillSubValueLv3 | T1: ClassSkillValueLv4 | U1: ClassSkillSubValueLv4
A2: 직업 스킬 인덱스 | B2: 직업명 | C2: 습득 랭크 | D2: 직업 스킬명 | E2: 직업 스킬 설명 | F2: IP 코스트 | G2: 직업 스킬 효과 (0 공격 1 회복 2 부활) | H2: 직업 스킬 사정거리 (0 근거리 1 원거리) | I2: 직업 스킬 사정거리 라인 0 전열 우선 (적 전열이 있을 경우 전열 공격) 1 전열/후열 선택 가능 2 후열 우선 | J2: 직업 스킬 대상 (0 단일 1 복수 2 전체) | K2: 직업 스킬 복수 대상 (스킬 대상 1일 경우) | L2: 직업 스킬 복수 대상 타입 (0 후보 전체 1 랜덤) (스킬 대상 1일 경우) | M2: 직업 스킬 복수 추가 대상 수 (스킬 대상 1일 경우) | N2: 직업 스킬 계수 Lv1 | O2: 직업 스킬 추가 계수 Lv1 | P2: 직업 스킬 계수 Lv2 | Q2: 직업 스킬 추가 계수 Lv2 | R2: 직업 스킬 계수 Lv3 | S2: 직업 스킬 추가 계수 Lv3 | T2: 직업 스킬 계수 Lv4 | U2: 직업 스킬 추가 계수 Lv4 | W2: 스킬 복수 대상
A3: 1010 | B3: 가디언 | C3: 1 | D3: 도발 베기 | E3: 적 1명에게 {ClassSkillValue} 대미지를 입히고, 1턴 동안 해당 대상이 단일 공격 시 자신을 공격하게 한다. (적 전열이 있을 경우, 전열 우선 공격) | F3: 0 | G3: 0 | H3: 0 | I3: 0 | J3: 0 | N3: 1 | P3: =IFERROR(IF(ROUND(N3*1.2,1)=0,"",ROUND(N3*1.2,1)),"") -> 1.2 | Q3: =IFERROR(IF(ROUND(O3*1.2,1)=0,"",ROUND(O3*1.2,1)),"") | R3: =IFERROR(IF(ROUND(P3*1.2,1)=0,"",ROUND(P3*1.2,1)),"") -> 1.4 | S3: =IFERROR(IF(ROUND(Q3*1.2,1)=0,"",ROUND(Q3*1.2,1)),"") | T3: =IFERROR(IF(ROUND(R3*1.2,1)=0,"",ROUND(R3*1.2,1)),"") -> 1.7 | U3: =IFERROR(IF(ROUND(S3*1.2,1)=0,"",ROUND(S3*1.2,1)),"") | W3: 8 | X3: 1 | Y3: 2
A4: 1020 | B4: 가디언 | C4: 3 | D4: 일렬 베기 | E4: 적 한 열에 {ClassSkillValue} 대미지를 입힌다. (적 전열이 있을 경우, 전열 우선 공격) | F4: 0 | G4: 0 | H4: 0 | I4: 0 | J4: 1 | K4: {9} | L4: 0 | N4: 0.8 | P4: =IFERROR(IF(ROUND(N4*1.2,1)=0,"",ROUND(N4*1.2,1)),"") -> 1 | Q4: =IFERROR(IF(ROUND(O4*1.2,1)=0,"",ROUND(O4*1.2,1)),"") | R4: =IFERROR(IF(ROUND(P4*1.2,1)=0,"",ROUND(P4*1.2,1)),"") -> 1.2 | S4: =IFERROR(IF(ROUND(Q4*1.2,1)=0,"",ROUND(Q4*1.2,1)),"") | T4: =IFERROR(IF(ROUND(R4*1.2,1)=0,"",ROUND(R4*1.2,1)),"") -> 1.4 | U4: =IFERROR(IF(ROUND(S4*1.2,1)=0,"",ROUND(S4*1.2,1)),"") | W4: 7 | X4: 타깃(0) | Y4: 3
A5: 1030 | B5: 가디언 | C5: 5 | D5: 관통 | E5: 전열의 적 한 명에게 {ClassSkillValue} 대미지를 입히고, 해당 후열에 있는 적 한 명에게 추가로 {ClassSkillSubValue} 대미지를 입힌다. (전열의 적이 없을 경우 후열의 적 한 명만을 공격) | F5: 0 | G5: 0 | H5: 0 | I5: 0 | J5: 0 | K5: {3} | L5: 0 | M5: 1 | N5: 0.6 | O5: 0.8 | P5: =IFERROR(IF(ROUND(N5*1.2,1)=0,"",ROUND(N5*1.2,1)),"") -> 0.7 | Q5: =IFERROR(IF(ROUND(O5*1.2,1)=0,"",ROUND(O5*1.2,1)),"") -> 1 | R5: =IFERROR(IF(ROUND(P5*1.2,1)=0,"",ROUND(P5*1.2,1)),"") -> 0.8 | S5: =IFERROR(IF(ROUND(Q5*1.2,1)=0,"",ROUND(Q5*1.2,1)),"") -> 1.2 | T5: =IFERROR(IF(ROUND(R5*1.2,1)=0,"",ROUND(R5*1.2,1)),"") -> 1 | U5: =IFERROR(IF(ROUND(S5*1.2,1)=0,"",ROUND(S5*1.2,1)),"") -> 1.4 | W5: 6 | X5: 5 | Y5: 4
A6: 1040 | B6: 가디언 | C6: 7 | D6: 광역 도발 | E6: 적 한 열에 {ClassSkillValue} 대미지를 입히고, 1턴 동안 모든 적이 단일 공격 시 자신을 공격하게 한다. (적 전열이 있을 경우, 전열 우선 공격) | F6: 0 | G6: 0 | H6: 0 | I6: 0 | J6: 1 | K6: {9} | L6: 0 | N6: 1.2 | P6: =IFERROR(IF(ROUND(N6*1.2,1)=0,"",ROUND(N6*1.2,1)),"") -> 1.4 | Q6: =IFERROR(IF(ROUND(O6*1.2,1)=0,"",ROUND(O6*1.2,1)),"") | R6: =IFERROR(IF(ROUND(P6*1.2,1)=0,"",ROUND(P6*1.2,1)),"") -> 1.7 | S6: =IFERROR(IF(ROUND(Q6*1.2,1)=0,"",ROUND(Q6*1.2,1)),"") | T6: =IFERROR(IF(ROUND(R6*1.2,1)=0,"",ROUND(R6*1.2,1)),"") -> 2 | U6: =IFERROR(IF(ROUND(S6*1.2,1)=0,"",ROUND(S6*1.2,1)),"") | W6: 열 전체 | X6: 9
A7: 1050 | B7: 가디언 | C7: 10 | D7: 돌파 | E7: 적 1명에게 {ClassSkillValue} 대미지를 입힌다. (후열에 있는 적도 공격 가능하다.) | F7: 0 | G7: 0 | H7: 0 | I7: 1 | J7: 0 | N7: 1.5 | P7: =IFERROR(IF(ROUND(N7*1.2,1)=0,"",ROUND(N7*1.2,1)),"") -> 1.8 | Q7: =IFERROR(IF(ROUND(O7*1.2,1)=0,"",ROUND(O7*1.2,1)),"") | R7: =IFERROR(IF(ROUND(P7*1.2,1)=0,"",ROUND(P7*1.2,1)),"") -> 2.2 | S7: =IFERROR(IF(ROUND(Q7*1.2,1)=0,"",ROUND(Q7*1.2,1)),"") | T7: =IFERROR(IF(ROUND(R7*1.2,1)=0,"",ROUND(R7*1.2,1)),"") -> 2.6 | U7: =IFERROR(IF(ROUND(S7*1.2,1)=0,"",ROUND(S7*1.2,1)),"")
A8: 1060 | B8: 가디언 | C8: 12 | D8: 쌍렬 베기 | E8: 적 전열과 후열의 모든 적에게 {ClassSkillValue} 대미지를 준다. | F8: 0 | G8: 0 | H8: 0 | I8: 1 | J8: 2 | N8: 0.8 | P8: =IFERROR(IF(ROUND(N8*1.2,1)=0,"",ROUND(N8*1.2,1)),"") -> 1 | Q8: =IFERROR(IF(ROUND(O8*1.2,1)=0,"",ROUND(O8*1.2,1)),"") | R8: =IFERROR(IF(ROUND(P8*1.2,1)=0,"",ROUND(P8*1.2,1)),"") -> 1.2 | S8: =IFERROR(IF(ROUND(Q8*1.2,1)=0,"",ROUND(Q8*1.2,1)),"") | T8: =IFERROR(IF(ROUND(R8*1.2,1)=0,"",ROUND(R8*1.2,1)),"") -> 1.4 | U8: =IFERROR(IF(ROUND(S8*1.2,1)=0,"",ROUND(S8*1.2,1)),"")
A9: 1070 | B9: 가디언 | C9: 15 | D9: 불굴 | E9: 자신의 체력이 낮을수록 적 1명에게 높은 대미지를 입힌다. (기본 100% + 최대 체력 대비 현재 체력 20%가 낮아질 때마다 40% 추가, 최대 {ClassSkillValue}) | F9: 0 | G9: 0 | H9: 0 | I9: 0 | J9: 0 | N9: 1.8 | P9: 2.2 | Q9: =IFERROR(IF(ROUND(O9*1.2,1)=0,"",ROUND(O9*1.2,1)),"") | R9: 2.6 | S9: =IFERROR(IF(ROUND(Q9*1.2,1)=0,"",ROUND(Q9*1.2,1)),"") | T9: 3 | U9: =IFERROR(IF(ROUND(S9*1.2,1)=0,"",ROUND(S9*1.2,1)),"")
A10: 2010 | B10: 블래스터 | C10: 1 | D10: 파이어볼 | E10: 적 1명에게 {ClassSkillValue} 대미지를 입힌다. | F10: 0 | G10: 0 | H10: 1 | I10: 1 | J10: 0 | N10: 1 | P10: =IFERROR(IF(ROUND(N10*1.2,1)=0,"",ROUND(N10*1.2,1)),"") -> 1.2 | Q10: =IFERROR(IF(ROUND(O10*1.2,1)=0,"",ROUND(O10*1.2,1)),"") | R10: =IFERROR(IF(ROUND(P10*1.2,1)=0,"",ROUND(P10*1.2,1)),"") -> 1.4 | S10: =IFERROR(IF(ROUND(Q10*1.2,1)=0,"",ROUND(Q10*1.2,1)),"") | T10: =IFERROR(IF(ROUND(R10*1.2,1)=0,"",ROUND(R10*1.2,1)),"") -> 1.7 | U10: =IFERROR(IF(ROUND(S10*1.2,1)=0,"",ROUND(S10*1.2,1)),"")
A11: 2020 | B11: 블래스터 | C11: 3 | D11: 번개 확산 | E11: 적 한 열에 {ClassSkillValue} 대미지를 입힌다. | F11: 0 | G11: 0 | H11: 1 | I11: 1 | J11: 1 | K11: {9} | L11: 0 | N11: 0.6 | P11: =IFERROR(IF(ROUND(N11*1.2,1)=0,"",ROUND(N11*1.2,1)),"") -> 0.7 | Q11: =IFERROR(IF(ROUND(O11*1.2,1)=0,"",ROUND(O11*1.2,1)),"") | R11: =IFERROR(IF(ROUND(P11*1.2,1)=0,"",ROUND(P11*1.2,1)),"") -> 0.8 | S11: =IFERROR(IF(ROUND(Q11*1.2,1)=0,"",ROUND(Q11*1.2,1)),"") | T11: =IFERROR(IF(ROUND(R11*1.2,1)=0,"",ROUND(R11*1.2,1)),"") -> 1 | U11: =IFERROR(IF(ROUND(S11*1.2,1)=0,"",ROUND(S11*1.2,1)),"")
A12: 2030 | B12: 블래스터 | C12: 5 | D12: 마력 집중 | E12: 적 한 명에게 {ClassSkillValue} 대미지를 입힌다. 다음 자신의 턴 1턴을 건너뛴다. | F12: 0 | G12: 0 | H12: 1 | I12: 1 | J12: 0 | N12: 1.8 | P12: =IFERROR(IF(ROUND(N12*1.2,1)=0,"",ROUND(N12*1.2,1)),"") -> 2.2 | Q12: =IFERROR(IF(ROUND(O12*1.2,1)=0,"",ROUND(O12*1.2,1)),"") | R12: =IFERROR(IF(ROUND(P12*1.2,1)=0,"",ROUND(P12*1.2,1)),"") -> 2.6 | S12: =IFERROR(IF(ROUND(Q12*1.2,1)=0,"",ROUND(Q12*1.2,1)),"") | T12: =IFERROR(IF(ROUND(R12*1.2,1)=0,"",ROUND(R12*1.2,1)),"") -> 3.1 | U12: =IFERROR(IF(ROUND(S12*1.2,1)=0,"",ROUND(S12*1.2,1)),"")
A13: 2040 | B13: 블래스터 | C13: 7 | D13: 연쇄 번개 | E13: 전열의 적 한 명에게 {ClassSkillValue} 대미지를 입히고, 인접한 적 한 명에게 추가로 {ClassSkillSubValue} 대미지를 입힌다. | F13: 0 | G13: 0 | H13: 1 | I13: 1 | J13: 0 | K13: {1,3,5} | L13: 1 | M13: 1 | N13: 0.6 | O13: 0.5 | P13: =IFERROR(IF(ROUND(N13*1.2,1)=0,"",ROUND(N13*1.2,1)),"") -> 0.7 | Q13: =IFERROR(IF(ROUND(O13*1.2,1)=0,"",ROUND(O13*1.2,1)),"") -> 0.6 | R13: =IFERROR(IF(ROUND(P13*1.2,1)=0,"",ROUND(P13*1.2,1)),"") -> 0.8 | S13: =IFERROR(IF(ROUND(Q13*1.2,1)=0,"",ROUND(Q13*1.2,1)),"") -> 0.7 | T13: =IFERROR(IF(ROUND(R13*1.2,1)=0,"",ROUND(R13*1.2,1)),"") -> 1 | U13: =IFERROR(IF(ROUND(S13*1.2,1)=0,"",ROUND(S13*1.2,1)),"") -> 0.8
A14: 2050 | B14: 블래스터 | C14: 10 | D14: 메테오 | E14: 적 전열과 후열의 모든 적에게 {ClassSkillValue}대미지를 준다. | F14: 0 | G14: 0 | H14: 1 | I14: 1 | J14: 2 | N14: 0.8 | P14: =IFERROR(IF(ROUND(N14*1.2,1)=0,"",ROUND(N14*1.2,1)),"") -> 1 | Q14: =IFERROR(IF(ROUND(O14*1.2,1)=0,"",ROUND(O14*1.2,1)),"") | R14: =IFERROR(IF(ROUND(P14*1.2,1)=0,"",ROUND(P14*1.2,1)),"") -> 1.2 | S14: =IFERROR(IF(ROUND(Q14*1.2,1)=0,"",ROUND(Q14*1.2,1)),"") | T14: =IFERROR(IF(ROUND(R14*1.2,1)=0,"",ROUND(R14*1.2,1)),"") -> 1.4 | U14: =IFERROR(IF(ROUND(S14*1.2,1)=0,"",ROUND(S14*1.2,1)),"")
A15: 2060 | B15: 블래스터 | C15: 12 | D15: 마력 폭발 | E15: 적 1명에게 체력이 높을수록 높은 대미지를 입힌다. (기본 {ClassSkillValue} + 적의 최대 체력 대비 현재 체력 10%가 낮아질 때마다 10% 감소, 최소 100%) | F15: 0 | G15: 0 | H15: 1 | I15: 1 | J15: 0 | N15: 1.5 | P15: =IFERROR(IF(ROUND(N15*1.2,1)=0,"",ROUND(N15*1.2,1)),"") -> 1.8 | Q15: =IFERROR(IF(ROUND(O15*1.2,1)=0,"",ROUND(O15*1.2,1)),"") | R15: =IFERROR(IF(ROUND(P15*1.2,1)=0,"",ROUND(P15*1.2,1)),"") -> 2.2 | S15: =IFERROR(IF(ROUND(Q15*1.2,1)=0,"",ROUND(Q15*1.2,1)),"") | T15: =IFERROR(IF(ROUND(R15*1.2,1)=0,"",ROUND(R15*1.2,1)),"") -> 2.6 | U15: =IFERROR(IF(ROUND(S15*1.2,1)=0,"",ROUND(S15*1.2,1)),"")
A16: 2070 | B16: 블래스터 | C16: 15 | D16: 붕괴 | E16: 이 공격을 맞는 적의 수가 적을수록 높은 대미지를 입힌다. (기본 100% + 전 진형의 빈 칸 하나당 20%, 최대 {ClassSkillValue}) | F16: 0 | G16: 0 | H16: 1 | I16: 1 | J16: 2 | N16: 1.4 | P16: 1.6 | Q16: =IFERROR(IF(ROUND(O16*1.2,1)=0,"",ROUND(O16*1.2,1)),"") | R16: 1.8 | S16: =IFERROR(IF(ROUND(Q16*1.2,1)=0,"",ROUND(Q16*1.2,1)),"") | T16: 2 | U16: =IFERROR(IF(ROUND(S16*1.2,1)=0,"",ROUND(S16*1.2,1)),"")
A17: 3010 | B17: 스트라이커 | C17: 1 | D17: 정밀 사격 | E17: 적 1명에게 {ClassSkillValue} 대미지를 입힌다. | F17: 0 | G17: 0 | H17: 1 | I17: 1 | J17: 0 | N17: 1 | P17: =IFERROR(IF(ROUND(N17*1.2,1)=0,"",ROUND(N17*1.2,1)),"") -> 1.2 | Q17: =IFERROR(IF(ROUND(O17*1.2,1)=0,"",ROUND(O17*1.2,1)),"") | R17: =IFERROR(IF(ROUND(P17*1.2,1)=0,"",ROUND(P17*1.2,1)),"") -> 1.4 | S17: =IFERROR(IF(ROUND(Q17*1.2,1)=0,"",ROUND(Q17*1.2,1)),"") | T17: =IFERROR(IF(ROUND(R17*1.2,1)=0,"",ROUND(R17*1.2,1)),"") -> 1.7 | U17: =IFERROR(IF(ROUND(S17*1.2,1)=0,"",ROUND(S17*1.2,1)),"")
A18: 3020 | B18: 스트라이커 | C18: 3 | D18: 전열 저격 | E18: 적 1명에게 {ClassSkillValue}대미지를 입힌다. 전열의 적을 공격 시, {ClassSkillValue}대미지로 계산한다. | F18: 0 | G18: 0 | H18: 1 | I18: 1 | J18: 0 | N18: 1.2 | P18: =IFERROR(IF(ROUND(N18*1.2,1)=0,"",ROUND(N18*1.2,1)),"") -> 1.4 | Q18: =IFERROR(IF(ROUND(O18*1.2,1)=0,"",ROUND(O18*1.2,1)),"") | R18: =IFERROR(IF(ROUND(P18*1.2,1)=0,"",ROUND(P18*1.2,1)),"") -> 1.7 | S18: =IFERROR(IF(ROUND(Q18*1.2,1)=0,"",ROUND(Q18*1.2,1)),"") | T18: =IFERROR(IF(ROUND(R18*1.2,1)=0,"",ROUND(R18*1.2,1)),"") -> 2 | U18: =IFERROR(IF(ROUND(S18*1.2,1)=0,"",ROUND(S18*1.2,1)),"")
A19: 3030 | B19: 스트라이커 | C19: 5 | D19: 후열 저격 | E19: 적 1명에게 {ClassSkillValue}대미지를 입힌다. 후열의 적을 공격 시 대미지 계산 전 회피율을 20% 내린다. | F19: 0 | G19: 0 | H19: 1 | I19: 1 | J19: 0 | N19: 1.4 | P19: =IFERROR(IF(ROUND(N19*1.2,1)=0,"",ROUND(N19*1.2,1)),"") -> 1.7 | Q19: =IFERROR(IF(ROUND(O19*1.2,1)=0,"",ROUND(O19*1.2,1)),"") | R19: =IFERROR(IF(ROUND(P19*1.2,1)=0,"",ROUND(P19*1.2,1)),"") -> 2 | S19: =IFERROR(IF(ROUND(Q19*1.2,1)=0,"",ROUND(Q19*1.2,1)),"") | T19: =IFERROR(IF(ROUND(R19*1.2,1)=0,"",ROUND(R19*1.2,1)),"") -> 2.4 | U19: =IFERROR(IF(ROUND(S19*1.2,1)=0,"",ROUND(S19*1.2,1)),"")
A20: 3040 | B20: 스트라이커 | C20: 7 | D20: 연속 사격 | E20: 적 1명에게 {ClassSkillValue}대미지를 두 번 입힌다. (치명타, 회피율 판정은 각각 계산한다.) | F20: 0 | G20: 0 | H20: 1 | I20: 1 | J20: 0 | K20: {0} | L20: 0 | N20: 0.8 | O20: 0.8 | P20: =IFERROR(IF(ROUND(N20*1.2,1)=0,"",ROUND(N20*1.2,1)),"") -> 1 | Q20: =IFERROR(IF(ROUND(O20*1.2,1)=0,"",ROUND(O20*1.2,1)),"") -> 1 | R20: =IFERROR(IF(ROUND(P20*1.2,1)=0,"",ROUND(P20*1.2,1)),"") -> 1.2 | S20: =IFERROR(IF(ROUND(Q20*1.2,1)=0,"",ROUND(Q20*1.2,1)),"") -> 1.2 | T20: =IFERROR(IF(ROUND(R20*1.2,1)=0,"",ROUND(R20*1.2,1)),"") -> 1.4 | U20: =IFERROR(IF(ROUND(S20*1.2,1)=0,"",ROUND(S20*1.2,1)),"") -> 1.4
A21: 3050 | B21: 스트라이커 | C21: 10 | D21: 급소 저격 | E21: 적 1명에게 {ClassSkillValue}대미지를 입힌다. 체력 80% 이하 대상 공격 시 대미지 계산 전 치명타 확률을 20% 올린다. | F21: 0 | G21: 0 | H21: 1 | I21: 1 | J21: 0 | N21: 1.6 | P21: =IFERROR(IF(ROUND(N21*1.2,1)=0,"",ROUND(N21*1.2,1)),"") -> 1.9 | Q21: =IFERROR(IF(ROUND(O21*1.2,1)=0,"",ROUND(O21*1.2,1)),"") | R21: =IFERROR(IF(ROUND(P21*1.2,1)=0,"",ROUND(P21*1.2,1)),"") -> 2.3 | S21: =IFERROR(IF(ROUND(Q21*1.2,1)=0,"",ROUND(Q21*1.2,1)),"") | T21: =IFERROR(IF(ROUND(R21*1.2,1)=0,"",ROUND(R21*1.2,1)),"") -> 2.8 | U21: =IFERROR(IF(ROUND(S21*1.2,1)=0,"",ROUND(S21*1.2,1)),"")
A22: 3060 | B22: 스트라이커 | C22: 12 | D22: 화살비 | E22: 적 전열과 후열의 모든 적에게 {ClassSkillValue}대미지를 준다. | F22: 0 | G22: 0 | H22: 1 | I22: 1 | J22: 2 | N22: 0.5 | P22: =IFERROR(IF(ROUND(N22*1.2,1)=0,"",ROUND(N22*1.2,1)),"") -> 0.6 | Q22: =IFERROR(IF(ROUND(O22*1.2,1)=0,"",ROUND(O22*1.2,1)),"") | R22: =IFERROR(IF(ROUND(P22*1.2,1)=0,"",ROUND(P22*1.2,1)),"") -> 0.7 | S22: =IFERROR(IF(ROUND(Q22*1.2,1)=0,"",ROUND(Q22*1.2,1)),"") | T22: =IFERROR(IF(ROUND(R22*1.2,1)=0,"",ROUND(R22*1.2,1)),"") -> 0.8 | U22: =IFERROR(IF(ROUND(S22*1.2,1)=0,"",ROUND(S22*1.2,1)),"")
A23: 3070 | B23: 스트라이커 | C23: 15 | D23: 최후의 일격 | E23: 적의 체력이 낮을 수록 높은 대미지를 입힌다. (기본 100% + 적의 최대 체력 대비 현재 체력 10%가 낮아질 때마다 10% 추가, 최대 {ClassSkillValue}) | F23: 0 | G23: 0 | H23: 1 | I23: 1 | J23: 0 | N23: 1.8 | P23: =IFERROR(IF(ROUND(N23*1.2,1)=0,"",ROUND(N23*1.2,1)),"") -> 2.2 | Q23: =IFERROR(IF(ROUND(O23*1.2,1)=0,"",ROUND(O23*1.2,1)),"") | R23: =IFERROR(IF(ROUND(P23*1.2,1)=0,"",ROUND(P23*1.2,1)),"") -> 2.6 | S23: =IFERROR(IF(ROUND(Q23*1.2,1)=0,"",ROUND(Q23*1.2,1)),"") | T23: =IFERROR(IF(ROUND(R23*1.2,1)=0,"",ROUND(R23*1.2,1)),"") -> 3.1 | U23: =IFERROR(IF(ROUND(S23*1.2,1)=0,"",ROUND(S23*1.2,1)),"")
A24: 4010 | B24: 서포터 | C24: 1 | D24: 힐 | E24: 아군 1명 체력 30% 회복, IP 10 고정 회복 | F24: 0 | G24: 1 | J24: 0 | P24: =IFERROR(IF(ROUND(N24*1.2,1)=0,"",ROUND(N24*1.2,1)),"") | Q24: =IFERROR(IF(ROUND(O24*1.2,1)=0,"",ROUND(O24*1.2,1)),"") | R24: =IFERROR(IF(ROUND(P24*1.2,1)=0,"",ROUND(P24*1.2,1)),"") | S24: =IFERROR(IF(ROUND(Q24*1.2,1)=0,"",ROUND(Q24*1.2,1)),"") | T24: =IFERROR(IF(ROUND(R24*1.2,1)=0,"",ROUND(R24*1.2,1)),"") | U24: =IFERROR(IF(ROUND(S24*1.2,1)=0,"",ROUND(S24*1.2,1)),"")
A25: 4020 | B25: 서포터 | C25: 3 | D25: 신성탄 | E25: 적 1명에게 {ClassSkillValue}대미지를 입히고, 입힌 대미지 만큼 아군의 1명의 IP 회복 (최대 20) | F25: 0 | G25: 0 | H25: 1 | I25: 1 | J25: 0 | N25: 0.8 | P25: =IFERROR(IF(ROUND(N25*1.2,1)=0,"",ROUND(N25*1.2,1)),"") -> 1 | Q25: =IFERROR(IF(ROUND(O25*1.2,1)=0,"",ROUND(O25*1.2,1)),"") | R25: =IFERROR(IF(ROUND(P25*1.2,1)=0,"",ROUND(P25*1.2,1)),"") -> 1.2 | S25: =IFERROR(IF(ROUND(Q25*1.2,1)=0,"",ROUND(Q25*1.2,1)),"") | T25: =IFERROR(IF(ROUND(R25*1.2,1)=0,"",ROUND(R25*1.2,1)),"") -> 1.4 | U25: =IFERROR(IF(ROUND(S25*1.2,1)=0,"",ROUND(S25*1.2,1)),"")
A26: 4030 | B26: 서포터 | C26: 5 | D26: 긴급 치유 | E26: 아군 1명의 체력을 회복한다. (기본 5 + 최대 체력 대비 현재 체력 20%가 낮아질 때마다 15 추가, 최대 50) | F26: 0 | G26: 1 | J26: 0 | P26: =IFERROR(IF(ROUND(N26*1.2,1)=0,"",ROUND(N26*1.2,1)),"") | Q26: =IFERROR(IF(ROUND(O26*1.2,1)=0,"",ROUND(O26*1.2,1)),"") | R26: =IFERROR(IF(ROUND(P26*1.2,1)=0,"",ROUND(P26*1.2,1)),"") | S26: =IFERROR(IF(ROUND(Q26*1.2,1)=0,"",ROUND(Q26*1.2,1)),"") | T26: =IFERROR(IF(ROUND(R26*1.2,1)=0,"",ROUND(R26*1.2,1)),"") | U26: =IFERROR(IF(ROUND(S26*1.2,1)=0,"",ROUND(S26*1.2,1)),"")
A27: 4040 | B27: 서포터 | C27: 7 | D27: 심판의 빛 | E27: 적 1명에게 {ClassSkillValue}대미지를 입히고 체력을 회복할 수 없게 한다. | F27: 0 | G27: 0 | H27: 1 | I27: 1 | J27: 0 | N27: 1 | P27: =IFERROR(IF(ROUND(N27*1.2,1)=0,"",ROUND(N27*1.2,1)),"") -> 1.2 | Q27: =IFERROR(IF(ROUND(O27*1.2,1)=0,"",ROUND(O27*1.2,1)),"") | R27: =IFERROR(IF(ROUND(P27*1.2,1)=0,"",ROUND(P27*1.2,1)),"") -> 1.4 | S27: =IFERROR(IF(ROUND(Q27*1.2,1)=0,"",ROUND(Q27*1.2,1)),"") | T27: =IFERROR(IF(ROUND(R27*1.2,1)=0,"",ROUND(R27*1.2,1)),"") -> 1.7 | U27: =IFERROR(IF(ROUND(S27*1.2,1)=0,"",ROUND(S27*1.2,1)),"")
A28: 4050 | B28: 서포터 | C28: 10 | D28: 광역 힐 | E28: 아군 1명의 체력을 10% 회복하고, 인접한 아군 1명의 체력을 10% 추가 회복한다. | F28: 0 | G28: 1 | J28: 0 | P28: =IFERROR(IF(ROUND(N28*1.2,1)=0,"",ROUND(N28*1.2,1)),"") | Q28: =IFERROR(IF(ROUND(O28*1.2,1)=0,"",ROUND(O28*1.2,1)),"") | R28: =IFERROR(IF(ROUND(P28*1.2,1)=0,"",ROUND(P28*1.2,1)),"") | S28: =IFERROR(IF(ROUND(Q28*1.2,1)=0,"",ROUND(Q28*1.2,1)),"") | T28: =IFERROR(IF(ROUND(R28*1.2,1)=0,"",ROUND(R28*1.2,1)),"") | U28: =IFERROR(IF(ROUND(S28*1.2,1)=0,"",ROUND(S28*1.2,1)),"")
A29: 4060 | B29: 서포터 | C29: 12 | D29: 신성 폭발 | E29: 적 전열과 후열의 모든 적에게 {ClassSkillValue}대미지를 준다. | F29: 0 | G29: 0 | H29: 1 | I29: 1 | J29: 2 | N29: 0.5 | P29: =IFERROR(IF(ROUND(N29*1.2,1)=0,"",ROUND(N29*1.2,1)),"") -> 0.6 | Q29: =IFERROR(IF(ROUND(O29*1.2,1)=0,"",ROUND(O29*1.2,1)),"") | R29: =IFERROR(IF(ROUND(P29*1.2,1)=0,"",ROUND(P29*1.2,1)),"") -> 0.7 | S29: =IFERROR(IF(ROUND(Q29*1.2,1)=0,"",ROUND(Q29*1.2,1)),"") | T29: =IFERROR(IF(ROUND(R29*1.2,1)=0,"",ROUND(R29*1.2,1)),"") -> 0.8 | U29: =IFERROR(IF(ROUND(S29*1.2,1)=0,"",ROUND(S29*1.2,1)),"")
A30: 4070 | B30: 서포터 | C30: 15 | D30: 기적 | E30: 사망한 아군 1명을 체력 20%로 부활시킨다. (한 전투당 한 번만 사용 가능) | F30: 0 | G30: 2 | J30: 0 | P30: =IFERROR(IF(ROUND(N30*1.2,1)=0,"",ROUND(N30*1.2,1)),"") | Q30: =IFERROR(IF(ROUND(O30*1.2,1)=0,"",ROUND(O30*1.2,1)),"") | R30: =IFERROR(IF(ROUND(P30*1.2,1)=0,"",ROUND(P30*1.2,1)),"") | S30: =IFERROR(IF(ROUND(Q30*1.2,1)=0,"",ROUND(Q30*1.2,1)),"") | T30: =IFERROR(IF(ROUND(R30*1.2,1)=0,"",ROUND(R30*1.2,1)),"") | U30: =IFERROR(IF(ROUND(S30*1.2,1)=0,"",ROUND(S30*1.2,1)),"")
A31: 5010 | B31: 파이터 | C31: 1 | D31: 정면 베기 | E31: 적 1명에게 {ClassSkillValue}대미지를 입힌다. 대상이 전열일 경우 {ClassSkillValue}+{ClassSkillSubValue} 대미지를 입힌다. (적 전열이 있을 경우, 전열 우선 공격) | F31: 0 | G31: 0 | H31: 0 | I31: 0 | J31: 0 | K31: {0} | L31: 0 | N31: 1 | O31: 0.2 | P31: =IFERROR(IF(ROUND(N31*1.2,1)=0,"",ROUND(N31*1.2,1)),"") -> 1.2 | Q31: =IFERROR(IF(ROUND(O31*1.2,1)=0,"",ROUND(O31*1.2,1)),"") -> 0.2 | R31: =IFERROR(IF(ROUND(P31*1.2,1)=0,"",ROUND(P31*1.2,1)),"") -> 1.4 | S31: =IFERROR(IF(ROUND(Q31*1.2,1)=0,"",ROUND(Q31*1.2,1)),"") -> 0.2 | T31: =IFERROR(IF(ROUND(R31*1.2,1)=0,"",ROUND(R31*1.2,1)),"") -> 1.7 | U31: =IFERROR(IF(ROUND(S31*1.2,1)=0,"",ROUND(S31*1.2,1)),"") -> 0.2
A32: 5020 | B32: 파이터 | C32: 3 | D32: 검기 | E32: 적 1명에게 {ClassSkillValue} 대미지를 입힌다. (후열 공격 가능) | F32: 0 | G32: 0 | H32: 2 | I32: 1 | J32: 0 | N32: 1.2 | P32: =IFERROR(IF(ROUND(N32*1.2,1)=0,"",ROUND(N32*1.2,1)),"") -> 1.4 | Q32: =IFERROR(IF(ROUND(O32*1.2,1)=0,"",ROUND(O32*1.2,1)),"") | R32: =IFERROR(IF(ROUND(P32*1.2,1)=0,"",ROUND(P32*1.2,1)),"") -> 1.7 | S32: =IFERROR(IF(ROUND(Q32*1.2,1)=0,"",ROUND(Q32*1.2,1)),"") | T32: =IFERROR(IF(ROUND(R32*1.2,1)=0,"",ROUND(R32*1.2,1)),"") -> 2 | U32: =IFERROR(IF(ROUND(S32*1.2,1)=0,"",ROUND(S32*1.2,1)),"")
A33: 5030 | B33: 파이터 | C33: 5 | D33: 후열 돌파 | E33: 적의 후열에 {ClassSkillValue}근접 대미지를 준다. 적의 후열이 없는 경우, 전열에 {ClassSkillSubValue}대미지를 준다. | F33: 0 | G33: 0 | H33: 0 | I33: 2 | J33: 1 | K33: {9} | L33: 0 | N33: 1.2 | O33: =N33*50% -> 0.6 | P33: =IFERROR(IF(ROUND(N33*1.2,1)=0,"",ROUND(N33*1.2,1)),"") -> 1.4 | Q33: =IFERROR(IF(ROUND(O33*1.2,1)=0,"",ROUND(O33*1.2,1)),"") -> 0.7 | R33: =IFERROR(IF(ROUND(P33*1.2,1)=0,"",ROUND(P33*1.2,1)),"") -> 1.7 | S33: =IFERROR(IF(ROUND(Q33*1.2,1)=0,"",ROUND(Q33*1.2,1)),"") -> 0.8 | T33: =IFERROR(IF(ROUND(R33*1.2,1)=0,"",ROUND(R33*1.2,1)),"") -> 2 | U33: =IFERROR(IF(ROUND(S33*1.2,1)=0,"",ROUND(S33*1.2,1)),"") -> 1
A34: 5040 | B34: 파이터 | C34: 7 | D34: 연속 베기 | E34: 적 1명에게 {ClassSkillValue}대미지를 두 번 입힌다. (적 전열이 있을 경우, 전열 우선 공격, 치명타, 회피율 판정은 각각 계산한다.) | F34: 0 | G34: 0 | H34: 0 | I34: 0 | J34: 1 | K34: {0} | L34: 0 | N34: 0.7 | O34: 0.7 | P34: =IFERROR(IF(ROUND(N34*1.2,1)=0,"",ROUND(N34*1.2,1)),"") -> 0.8 | Q34: =IFERROR(IF(ROUND(O34*1.2,1)=0,"",ROUND(O34*1.2,1)),"") -> 0.8 | R34: =IFERROR(IF(ROUND(P34*1.2,1)=0,"",ROUND(P34*1.2,1)),"") -> 1 | S34: =IFERROR(IF(ROUND(Q34*1.2,1)=0,"",ROUND(Q34*1.2,1)),"") -> 1 | T34: =IFERROR(IF(ROUND(R34*1.2,1)=0,"",ROUND(R34*1.2,1)),"") -> 1.2 | U34: =IFERROR(IF(ROUND(S34*1.2,1)=0,"",ROUND(S34*1.2,1)),"") -> 1.2
A35: 5050 | B35: 파이터 | C35: 10 | D35: 급소 찌르기 | E35: 적 1명에게 치명타 확률이 20% 높은 {ClassSkillValue}대미지를 입힌다. (적 전열이 있을 경우, 전열 우선 공격) | F35: 0 | G35: 0 | H35: 0 | I35: 0 | J35: 0 | N35: 1.5 | P35: =IFERROR(IF(ROUND(N35*1.2,1)=0,"",ROUND(N35*1.2,1)),"") -> 1.8 | Q35: =IFERROR(IF(ROUND(O35*1.2,1)=0,"",ROUND(O35*1.2,1)),"") | R35: =IFERROR(IF(ROUND(P35*1.2,1)=0,"",ROUND(P35*1.2,1)),"") -> 2.2 | S35: =IFERROR(IF(ROUND(Q35*1.2,1)=0,"",ROUND(Q35*1.2,1)),"") | T35: =IFERROR(IF(ROUND(R35*1.2,1)=0,"",ROUND(R35*1.2,1)),"") -> 2.6 | U35: =IFERROR(IF(ROUND(S35*1.2,1)=0,"",ROUND(S35*1.2,1)),"")
A36: 5060 | B36: 파이터 | C36: 12 | D36: 전술 베기 | E36: 적의 체력이 낮을 수록 높은 대미지를 입힌다. (기본 100% + 적의 최대 체력 대비 현재 체력 10%가 낮아질 때마다 10% 추가, 최대 {ClassSkillValue})(적 전열이 있을 경우, 전열 우선 공격) | F36: 0 | G36: 0 | H36: 0 | I36: 0 | J36: 0 | N36: 1.8 | P36: =IFERROR(IF(ROUND(N36*1.2,1)=0,"",ROUND(N36*1.2,1)),"") -> 2.2 | Q36: =IFERROR(IF(ROUND(O36*1.2,1)=0,"",ROUND(O36*1.2,1)),"") | R36: =IFERROR(IF(ROUND(P36*1.2,1)=0,"",ROUND(P36*1.2,1)),"") -> 2.6 | S36: =IFERROR(IF(ROUND(Q36*1.2,1)=0,"",ROUND(Q36*1.2,1)),"") | T36: =IFERROR(IF(ROUND(R36*1.2,1)=0,"",ROUND(R36*1.2,1)),"") -> 3.1 | U36: =IFERROR(IF(ROUND(S36*1.2,1)=0,"",ROUND(S36*1.2,1)),"")
A37: 5070 | B37: 파이터 | C37: 15 | D37: 결투 | E37: 적 1명에게 {ClassSkillValue}대미지를 입힌다. 아군과 적군이 각각 1명씩 남았을 경우 {ClassSkillValue}+{ClassSkillSubValue}대미지를 입힌다. | F37: 0 | G37: 0 | H37: 0 | I37: 0 | J37: 1 | K37: {0} | L37: 0 | N37: 1 | O37: 1.2 | P37: =IFERROR(IF(ROUND(N37*1.2,1)=0,"",ROUND(N37*1.2,1)),"") -> 1.2 | Q37: =IFERROR(IF(ROUND(O37*1.2,1)=0,"",ROUND(O37*1.2,1)),"") -> 1.4 | R37: =IFERROR(IF(ROUND(P37*1.2,1)=0,"",ROUND(P37*1.2,1)),"") -> 1.4 | S37: =IFERROR(IF(ROUND(Q37*1.2,1)=0,"",ROUND(Q37*1.2,1)),"") -> 1.7 | T37: =IFERROR(IF(ROUND(R37*1.2,1)=0,"",ROUND(R37*1.2,1)),"") -> 1.7 | U37: =IFERROR(IF(ROUND(S37*1.2,1)=0,"",ROUND(S37*1.2,1)),"") -> 2

Sheet 무기(기획용)
A1: WeaponIndex | B1: Class | C1: WeaponName | D1: WaeponDescription | E1: BonusMaxHPLv1 | F1: BonusMaxHPLv2 | G1: BonusMaxHPLv3 | H1: BonusMaxHPLv4 | I1: BonusMaxHPLv5 | J1: BonusATKLv1 | K1: BonusATKLv2 | L1: BonusATKLv3 | M1: BonusATKLv4 | N1: BonusATKLv5 | O1: BonusDEFLv1 | P1: BonusDEFLv2 | Q1: BonusDEFLv3 | R1: BonusDEFLv4 | S1: BonusDEFLv5 | T1: BonusCriticalRate | U1: BonusCounterRate | V1: BonusReduceRate | W1: BonusSpeed | X1: WeaponSkillIndex | Y1: WeaponSkillName | Z1: WeaponSkillDescription | AA1: IPCost | AB1: WeaponSkillEffect | AC1: WeaponSkillRange | AD1: WeaponSkillRangeLine | AE1: WeaponSkillTarget | AF1: WeaponSkillMultiTarget | AG1: WeaponSkill MultiTargetType | AH1: WeaponSkill MultiTargetCount | AI1: WeaponSkillValueLv1 | AJ1: WeaponSkillSubValueLv1 | AK1: WeaponSkillValueLv2 | AL1: WeaponSkillSubValueLv2 | AM1: WeaponSkillValueLv3 | AN1: WeaponSkillSubValueLv3
A2: 무기 인덱스 | B2: 직업 | C2: 무기명 | D2: 무기 설명 | E2: Lv1 최대 체력 증가량 | F2: Lv2 최대 체력 증가량 | G2: Lv3 최대 체력 증가량 | H2: Lv4 최대 체력 증가량 | I2: Lv5 최대 체력 증가량 | J2: Lv1 공격력 증가량 | K2: Lv2 공격력 증가량 | L2: Lv3 공격력 증가량 | M2: Lv4 공격력 증가량 | N2: Lv5 공격력 증가량 | O2: Lv1 방어력 증가량 | P2: Lv2 방어력 증가량 | Q2: Lv3 방어력 증가량 | R2: Lv4 방어력 증가량 | S2: Lv5 방어력 증가량 | T2: 치명타율 증가량 | U2: 반격율 증가량 | V2: 피해 경감 확률 증가량 | W2: 스피드 증가량 | X2: 무기 스킬 인덱스 | Y2: 무기 스킬명 | Z2: 무기 스킬 설명 | AA2: IP 코스트 | AB2: 무기 스킬 효과 (0 공격 1 회복 2 부활) | AC2: 무기 스킬 사정거리 (0 근거리 1 원거리) | AD2: 무기 스킬 사정거리 라인 0 전열 우선 (적 전열이 있을 경우 전열 공격) 1 전열/후열 선택 가능 2 후열 우선 | AE2: 무기 스킬 대상 (0 단일 1 복수 2 전체) | AF2: 무기 스킬 복수 대상 (스킬 대상 1일 경우) | AG2: 무기 스킬 복수 대상 타입 (0 후보 전체 1 랜덤) (스킬 대상 1일 경우) | AH2: 무기 스킬 복수 추가 대상 수 (스킬 대상 1일 경우) | AI2: 무기 스킬 계수 Lv1 | AJ2: 무기 스킬 추가 계수 Lv1 | AK2: 무기 스킬 계수 Lv2 | AL2: 무기 스킬 추가 계수 Lv2 | AM2: 무기 스킬 계수 Lv3 | AN2: 무기 스킬 추가 계수 Lv3 | AP2: 스킬 복수 대상
A3: 310101 | B3: 가디언 | C3: 하급 수호의 코어 | D3: 기본 제공 무기 | J3: 1 | K3: 2 | L3: 3 | M3: 4 | N3: 5 | X3: 311010 | Y3: 강타 | Z3: 적 유닛 1명에게 {WeaponSkillValue} 대미지를 준다. (전열 우선) | AA3: 10 | AB3: 0 | AC3: 0 | AD3: 0 | AE3: 0 | AI3: 1.5 | AK3: =IFERROR(IF(ROUND(AI3*1.2,1)=0,"",ROUND(AI3*1.2,1)),"") -> 1.8 | AL3: =IFERROR(IF(ROUND(AJ3*1.2,1)=0,"",ROUND(AJ3*1.2,1)),"") | AM3: =IFERROR(IF(ROUND(AK3*1.2,1)=0,"",ROUND(AK3*1.2,1)),"") -> 2.2 | AN3: =IFERROR(IF(ROUND(AL3*1.2,1)=0,"",ROUND(AL3*1.2,1)),"") | AP3: 8 | AQ3: 1 | AR3: 2
A4: 310102 | B4: 가디언 | C4: 중급 수호의 코어 | D4: 후열 특화 무기 | J4: 2 | K4: 3 | L4: 4 | M4: 5 | N4: 6 | T4: 0.15 | X4: 311020 | Y4: 기합 | Z4: 적 유닛 1명에게 기합을 날려 원거리 대미지 {WeaponSkillValue}를 준다. | AA4: 30 | AB4: 0 | AC4: 0 | AD4: 1 | AE4: 0 | AI4: 1.8 | AK4: =IFERROR(IF(ROUND(AI4*1.2,1)=0,"",ROUND(AI4*1.2,1)),"") -> 2.2 | AL4: =IFERROR(IF(ROUND(AJ4*1.2,1)=0,"",ROUND(AJ4*1.2,1)),"") | AM4: =IFERROR(IF(ROUND(AK4*1.2,1)=0,"",ROUND(AK4*1.2,1)),"") -> 2.6 | AN4: =IFERROR(IF(ROUND(AL4*1.2,1)=0,"",ROUND(AL4*1.2,1)),"") | AP4: 7 | AQ4: 타깃(0) | AR4: 3
A5: 310103 | B5: 가디언 | C5: 상급 수호의 코어 | D5: 최상급 무기 | J5: 3 | K5: 4 | L5: 5 | M5: 6 | N5: 7 | U5: 0.1 | X5: 311030 | Y5: 회전 베기 | Z5: 적 유닛 1명에게 {WeaponSkillValue} 대미지를 준다. (전열 우선) | AA5: 50 | AB5: 0 | AC5: 0 | AD5: 0 | AE5: 0 | AI5: 2.5 | AK5: =IFERROR(IF(ROUND(AI5*1.2,1)=0,"",ROUND(AI5*1.2,1)),"") -> 3 | AL5: =IFERROR(IF(ROUND(AJ5*1.2,1)=0,"",ROUND(AJ5*1.2,1)),"") | AM5: =IFERROR(IF(ROUND(AK5*1.2,1)=0,"",ROUND(AK5*1.2,1)),"") -> 3.6 | AN5: =IFERROR(IF(ROUND(AL5*1.2,1)=0,"",ROUND(AL5*1.2,1)),"") | AP5: 6 | AQ5: 5 | AR5: 4
A6: 310201 | B6: 블래스터 | C6: 하급 폭주의 코어 | D6: 기본 제공 무기 | J6: 1 | K6: 2 | L6: 3 | M6: 4 | N6: 5 | X6: 313010 | Y6: 매직 미사일 | Z6: 적 유닛 1명에게 {WeaponSkillValue} 대미지를 준다. | AA6: 10 | AB6: 0 | AC6: 1 | AD6: 1 | AE6: 0 | AI6: 1.5 | AK6: =IFERROR(IF(ROUND(AI6*1.2,1)=0,"",ROUND(AI6*1.2,1)),"") -> 1.8 | AL6: =IFERROR(IF(ROUND(AJ6*1.2,1)=0,"",ROUND(AJ6*1.2,1)),"") | AM6: =IFERROR(IF(ROUND(AK6*1.2,1)=0,"",ROUND(AK6*1.2,1)),"") -> 2.2 | AN6: =IFERROR(IF(ROUND(AL6*1.2,1)=0,"",ROUND(AL6*1.2,1)),"") | AP6: 열 전체 | AQ6: 9
A7: 310202 | B7: 블래스터 | C7: 중급 폭주의 코어 | D7: 전열 특화 무기 | J7: 2 | K7: 3 | L7: 4 | M7: 5 | N7: 6 | T7: 0.07 | U7: 0.07 | X7: 313020 | Y7: 더블 클로 | Z7: 적 1명에게 {WeaponSkillValue} 대미지를 주고, 인접한 적 1명에게 추가로 {WeaponSkillSubValue} 대미지를 준다. (근거리로 취급하나 후열 공격 가능) | AA7: 30 | AB7: 0 | AC7: 0 | AD7: 1 | AE7: 1 | AF7: {1,3,5} | AG7: 1 | AH7: 1 | AI7: 0.8 | AJ7: 0.8 | AK7: =IFERROR(IF(ROUND(AI7*1.2,1)=0,"",ROUND(AI7*1.2,1)),"") -> 1 | AL7: =IFERROR(IF(ROUND(AJ7*1.2,1)=0,"",ROUND(AJ7*1.2,1)),"") -> 1 | AM7: =IFERROR(IF(ROUND(AK7*1.2,1)=0,"",ROUND(AK7*1.2,1)),"") -> 1.2 | AN7: =IFERROR(IF(ROUND(AL7*1.2,1)=0,"",ROUND(AL7*1.2,1)),"") -> 1.2
A8: 310203 | B8: 블래스터 | C8: 상급 폭주의 코어 | D8: 최상급 무기 | J8: 3 | K8: 4 | L8: 5 | M8: 6 | N8: 7 | T8: 0.05 | V8: 0.05 | X8: 313030 | Y8: 마력 방출 | Z8: 적 모든 유닛에게 {WeaponSkillValue} 대미지를 준다. | AA8: 50 | AB8: 0 | AC8: 1 | AD8: 1 | AE8: 2 | AI8: 1.2 | AK8: =IFERROR(IF(ROUND(AI8*1.2,1)=0,"",ROUND(AI8*1.2,1)),"") -> 1.4 | AL8: =IFERROR(IF(ROUND(AJ8*1.2,1)=0,"",ROUND(AJ8*1.2,1)),"") | AM8: =IFERROR(IF(ROUND(AK8*1.2,1)=0,"",ROUND(AK8*1.2,1)),"") -> 1.7 | AN8: =IFERROR(IF(ROUND(AL8*1.2,1)=0,"",ROUND(AL8*1.2,1)),"")
A9: 310301 | B9: 스트라이커 | C9: 하급 정밀의 코어 | D9: 기본 제공 무기 | J9: 1 | K9: 2 | L9: 3 | M9: 4 | N9: 5 | X9: 312010 | Y9: 정밀 조준 | Z9: 적 유닛 1명에게 {WeaponSkillValue} 대미지를 준다. | AA9: 10 | AB9: 0 | AC9: 1 | AD9: 1 | AE9: 0 | AI9: 1.5 | AK9: =IFERROR(IF(ROUND(AI9*1.2,1)=0,"",ROUND(AI9*1.2,1)),"") -> 1.8 | AL9: =IFERROR(IF(ROUND(AJ9*1.2,1)=0,"",ROUND(AJ9*1.2,1)),"") | AM9: =IFERROR(IF(ROUND(AK9*1.2,1)=0,"",ROUND(AK9*1.2,1)),"") -> 2.2 | AN9: =IFERROR(IF(ROUND(AL9*1.2,1)=0,"",ROUND(AL9*1.2,1)),"")
A10: 310302 | B10: 스트라이커 | C10: 중급 정밀의 코어 | D10: 전열 특화 무기 | J10: 2 | K10: 3 | L10: 4 | M10: 5 | N10: 6 | U10: 0.15 | X10: 312020 | Y10: 숏보우 | Z10: 적 한 열의 적에게 화살을 발사하여 {WeaponSkillValue} 대미지를 준다 (전열 우선) | AA10: 30 | AB10: 0 | AC10: 0 | AD10: 0 | AE10: 1 | AF10: {9} | AG10: 0 | AI10: 1.2 | AK10: =IFERROR(IF(ROUND(AI10*1.2,1)=0,"",ROUND(AI10*1.2,1)),"") -> 1.4 | AL10: =IFERROR(IF(ROUND(AJ10*1.2,1)=0,"",ROUND(AJ10*1.2,1)),"") | AM10: =IFERROR(IF(ROUND(AK10*1.2,1)=0,"",ROUND(AK10*1.2,1)),"") -> 1.7 | AN10: =IFERROR(IF(ROUND(AL10*1.2,1)=0,"",ROUND(AL10*1.2,1)),"")
A11: 310303 | B11: 스트라이커 | C11: 상급 정밀의 코어 | D11: 최상급 무기 | J11: 3 | K11: 4 | L11: 5 | M11: 6 | N11: 7 | T11: 0.1 | X11: 312030 | Y11: 속사 | Z11: 적 유닛 한 명에게 {WeaponSkillValue} 대미지를 주는 화살을 두 발 발사한다. (확률 보정은 독립적으로 진행) | AA11: 50 | AB11: 0 | AC11: 1 | AD11: 1 | AE11: 0 | AI11: 1.2 | AJ11: 1.2 | AK11: =IFERROR(IF(ROUND(AI11*1.2,1)=0,"",ROUND(AI11*1.2,1)),"") -> 1.4 | AL11: =IFERROR(IF(ROUND(AJ11*1.2,1)=0,"",ROUND(AJ11*1.2,1)),"") -> 1.4 | AM11: =IFERROR(IF(ROUND(AK11*1.2,1)=0,"",ROUND(AK11*1.2,1)),"") -> 1.7 | AN11: =IFERROR(IF(ROUND(AL11*1.2,1)=0,"",ROUND(AL11*1.2,1)),"") -> 1.7
A12: 310401 | B12: 서포터 | C12: 하급 회복의 코어 | D12: 기본 제공 무기 | J12: 1 | K12: 2 | L12: 3 | M12: 4 | N12: 5 | X12: 314010 | Y12: 성광 | Z12: 적 유닛 1명에게 {WeaponSkillValue} 대미지를 준다. | AA12: 10 | AB12: 0 | AC12: 1 | AD12: 1 | AE12: 0 | AI12: 1.5 | AK12: =IFERROR(IF(ROUND(AI12*1.2,1)=0,"",ROUND(AI12*1.2,1)),"") -> 1.8 | AL12: =IFERROR(IF(ROUND(AJ12*1.2,1)=0,"",ROUND(AJ12*1.2,1)),"") | AM12: =IFERROR(IF(ROUND(AK12*1.2,1)=0,"",ROUND(AK12*1.2,1)),"") -> 2.2 | AN12: =IFERROR(IF(ROUND(AL12*1.2,1)=0,"",ROUND(AL12*1.2,1)),"")
A13: 310402 | B13: 서포터 | C13: 중급 회복의 코어 | D13: 공격 특화 무기 | J13: 5 | K13: 6 | L13: 7 | M13: 8 | N13: 9 | T13: 0.1 | X13: 314020 | Y13: 신성한 주먹 | Z13: 적 유닛 1명을 신성력을 두른 폭주의 코어로 근접 타격하여 {WeaponSkillValue} 대미지를 준다. (전열 우선) | AA13: 30 | AB13: 0 | AC13: 0 | AD13: 0 | AE13: 0 | AI13: 1.8 | AK13: =IFERROR(IF(ROUND(AI13*1.2,1)=0,"",ROUND(AI13*1.2,1)),"") -> 2.2 | AL13: =IFERROR(IF(ROUND(AJ13*1.2,1)=0,"",ROUND(AJ13*1.2,1)),"") | AM13: =IFERROR(IF(ROUND(AK13*1.2,1)=0,"",ROUND(AK13*1.2,1)),"") -> 2.6 | AN13: =IFERROR(IF(ROUND(AL13*1.2,1)=0,"",ROUND(AL13*1.2,1)),"")
A14: 310403 | B14: 서포터 | C14: 상급 회복의 코어 | D14: 최상급 무기 | J14: 3 | K14: 4 | L14: 5 | M14: 6 | N14: 7 | V14: 0.1 | X14: 314030 | Y14: 성스러운 일격 | Z14: 적 모든 유닛에게 {WeaponSkillValue} 대미지를 주고, 입힌 피해만큼 체력을 회복한다. | AA14: 50 | AB14: 0 | AC14: 1 | AD14: 1 | AE14: 2 | AI14: 1.5 | AK14: =IFERROR(IF(ROUND(AI14*1.2,1)=0,"",ROUND(AI14*1.2,1)),"") -> 1.8 | AL14: =IFERROR(IF(ROUND(AJ14*1.2,1)=0,"",ROUND(AJ14*1.2,1)),"") | AM14: =IFERROR(IF(ROUND(AK14*1.2,1)=0,"",ROUND(AK14*1.2,1)),"") -> 2.2 | AN14: =IFERROR(IF(ROUND(AL14*1.2,1)=0,"",ROUND(AL14*1.2,1)),"")
A15: 310501 | B15: 파이터 | C15: 하급 투쟁의 코어 | D15: 기본 제공 무기 | J15: 1 | K15: 2 | L15: 3 | M15: 4 | N15: 5 | X15: 315010 | Y15: 베어가르기 | Z15: 적 유닛 1명에게 {WeaponSkillValue} 대미지를 준다. (전열 우선) | AA15: 10 | AB15: 0 | AC15: 0 | AD15: 0 | AE15: 0 | AI15: 1.5 | AK15: =IFERROR(IF(ROUND(AI15*1.2,1)=0,"",ROUND(AI15*1.2,1)),"") -> 1.8 | AL15: =IFERROR(IF(ROUND(AJ15*1.2,1)=0,"",ROUND(AJ15*1.2,1)),"") | AM15: =IFERROR(IF(ROUND(AK15*1.2,1)=0,"",ROUND(AK15*1.2,1)),"") -> 2.2 | AN15: =IFERROR(IF(ROUND(AL15*1.2,1)=0,"",ROUND(AL15*1.2,1)),"")
A16: 310502 | B16: 파이터 | C16: 중급 투쟁의 코어 | D16: 후열 특화 무기 | J16: 2 | K16: 3 | L16: 4 | M16: 5 | N16: 6 | T16: 0.07 | V16: 0.07 | X16: 315020 | Y16: 환영 공격 | Z16: 자신이 후열일 경우 후열 공격이 가능하다. 근거리 공격 {WeaponSkillValue} 대미지를 준다. (후열이 아닌 경우 전열 우선) | AA16: 30 | AB16: 0 | AC16: 1 | AD16: 0 | AE16: 0 | AI16: 1.8 | AK16: =IFERROR(IF(ROUND(AI16*1.2,1)=0,"",ROUND(AI16*1.2,1)),"") -> 2.2 | AL16: =IFERROR(IF(ROUND(AJ16*1.2,1)=0,"",ROUND(AJ16*1.2,1)),"") | AM16: =IFERROR(IF(ROUND(AK16*1.2,1)=0,"",ROUND(AK16*1.2,1)),"") -> 2.6 | AN16: =IFERROR(IF(ROUND(AL16*1.2,1)=0,"",ROUND(AL16*1.2,1)),"")
A17: 310503 | B17: 파이터 | C17: 상급 투쟁의 코어 | D17: 최상급 무기 | J17: 3 | K17: 4 | L17: 5 | M17: 6 | N17: 7 | T17: 0.1 | X17: 315030 | Y17: 강습 | Z17: 적 유닛 1명에게 {WeaponSkillValue} 대미지를 준다. (전열 우선) | AA17: 50 | AB17: 0 | AC17: 0 | AD17: 0 | AE17: 0 | AI17: 2.5 | AK17: =IFERROR(IF(ROUND(AI17*1.2,1)=0,"",ROUND(AI17*1.2,1)),"") -> 3 | AL17: =IFERROR(IF(ROUND(AJ17*1.2,1)=0,"",ROUND(AJ17*1.2,1)),"") | AM17: =IFERROR(IF(ROUND(AK17*1.2,1)=0,"",ROUND(AK17*1.2,1)),"") -> 3.6 | AN17: =IFERROR(IF(ROUND(AL17*1.2,1)=0,"",ROUND(AL17*1.2,1)),"")

Sheet 스탯 시뮬
A1: 범례 | B1: 타 시트에서 가져오는 값
B2: 이 시트에서 바꾸는 값
B3: 이 시트에서 계산되는 값
B4: 고정치
A5: 1. 아군 유닛 스테이터스
B6: 파티 멤버 | C6: 캐릭터명 | D6: 캐릭터 콘셉트 | E6: 유닛 랭크 | F6: 랭크 표시 | G6: 최대 I.P | H6: 유닛 최대 체력 | I6: 유닛 공격력 | J6: 유닛 방어력 | K6: 치명타율 | L6: 반격율 | M6: 피해 경감률 | N6: 스피드
B7: 1 | C7: ='전투 시뮬'!C14 -> 저스티스 | D7: =IFERROR(VLOOKUP(C7,'아군 유닛'!C6:N9,3,FALSE),"") -> 평균적인 능력치를 지닌 근거리 히어로 | E7: ='전투 시뮬'!D14 -> 3 | F7: =IFERROR(VLOOKUP($E7,'성장 시스템'!#REF!,2,FALSE),"") | G7: =IFERROR(VLOOKUP(E7,'범례(시뮬용)'!$L$15:$M$29,2,FALSE),"") -> 140 | H7: =IFERROR(VLOOKUP($C$7,'아군 유닛'!$C$6:$N$9,COLUMN(A1)+3,FALSE),"") -> 6 | I7: =IFERROR(VLOOKUP($C$7,'아군 유닛'!$C$6:$N$9,COLUMN(B1)+3,FALSE),"") -> 9 | J7: =IFERROR(VLOOKUP($C$7,'아군 유닛'!$C$6:$N$9,COLUMN(C1)+3,FALSE),"") -> 5 | K7: =IFERROR(VLOOKUP($C$7,'아군 유닛'!$C$6:$N$9,COLUMN(D1)+3,FALSE),"") -> 0.15 | L7: =IFERROR(VLOOKUP($C$7,'아군 유닛'!$C$6:$N$9,COLUMN(E1)+3,FALSE),"") -> 0.15 | M7: =IFERROR(VLOOKUP($C$7,'아군 유닛'!$C$6:$N$9,COLUMN(F1)+3,FALSE),"") -> 0.15 | N7: =IFERROR(VLOOKUP($C$7,'아군 유닛'!$C$6:$N$9,COLUMN(G1)+3,FALSE),"") -> 2
B8: 2 | C8: ='전투 시뮬'!C15 -> 루미나 | D8: =IFERROR(VLOOKUP(C8,'아군 유닛'!C7:N10,3,FALSE),"") -> 다중 공격에 특화된 원거리 히어로 | E8: ='전투 시뮬'!D15 -> 3 | F8: =IFERROR(VLOOKUP($E8,'성장 시스템'!#REF!,2,FALSE),"") | G8: =IFERROR(VLOOKUP(E8,'범례(시뮬용)'!$L$15:$M$29,2,FALSE),"") -> 140 | H8: =IFERROR(VLOOKUP($C$8,'아군 유닛'!$C$6:$N$9,COLUMN(A2)+3,FALSE),"") -> 4 | I8: =IFERROR(VLOOKUP($C$8,'아군 유닛'!$C$6:$N$9,COLUMN(B2)+3,FALSE),"") -> 12 | J8: =IFERROR(VLOOKUP($C$8,'아군 유닛'!$C$6:$N$9,COLUMN(C2)+3,FALSE),"") -> 4 | K8: =IFERROR(VLOOKUP($C$8,'아군 유닛'!$C$6:$N$9,COLUMN(D2)+3,FALSE),"") -> 0.3 | L8: =IFERROR(VLOOKUP($C$8,'아군 유닛'!$C$6:$N$9,COLUMN(E2)+3,FALSE),"") -> 0.1 | M8: =IFERROR(VLOOKUP($C$8,'아군 유닛'!$C$6:$N$9,COLUMN(F2)+3,FALSE),"") -> 0.2 | N8: =IFERROR(VLOOKUP($C$8,'아군 유닛'!$C$6:$N$9,COLUMN(G2)+3,FALSE),"") -> 3
B9: 3 | C9: ='전투 시뮬'!C16 -> 블랙 불릿 | D9: =IFERROR(VLOOKUP(C9,'아군 유닛'!C8:N11,3,FALSE),"") -> 단일 공격에 특화된 원거리 히어로 | E9: ='전투 시뮬'!D16 -> 3 | F9: =IFERROR(VLOOKUP($E9,'성장 시스템'!#REF!,2,FALSE),"") | G9: =IFERROR(VLOOKUP(E9,'범례(시뮬용)'!$L$15:$M$29,2,FALSE),"") -> 140 | H9: =IFERROR(VLOOKUP($C$9,'아군 유닛'!$C$6:$N$9,COLUMN(A3)+3,FALSE),"") -> 6 | I9: =IFERROR(VLOOKUP($C$9,'아군 유닛'!$C$6:$N$9,COLUMN(B3)+3,FALSE),"") -> 12 | J9: =IFERROR(VLOOKUP($C$9,'아군 유닛'!$C$6:$N$9,COLUMN(C3)+3,FALSE),"") -> 2 | K9: =IFERROR(VLOOKUP($C$9,'아군 유닛'!$C$6:$N$9,COLUMN(D3)+3,FALSE),"") -> 0.2 | L9: =IFERROR(VLOOKUP($C$9,'아군 유닛'!$C$6:$N$9,COLUMN(E3)+3,FALSE),"") -> 0.05 | M9: =IFERROR(VLOOKUP($C$9,'아군 유닛'!$C$6:$N$9,COLUMN(F3)+3,FALSE),"") -> 0.1 | N9: =IFERROR(VLOOKUP($C$9,'아군 유닛'!$C$6:$N$9,COLUMN(G3)+3,FALSE),"") -> 2
B10: 4 | C10: ='전투 시뮬'!C17 -> 네코밍 | D10: =IFERROR(VLOOKUP(C10,'아군 유닛'!C9:N12,3,FALSE),"") -> 회복이 가능한 원거리 히어로 | E10: ='전투 시뮬'!D17 -> 2 | F10: =IFERROR(VLOOKUP($E10,'성장 시스템'!#REF!,2,FALSE),"") | G10: =IFERROR(VLOOKUP(E10,'범례(시뮬용)'!$L$15:$M$29,2,FALSE),"") -> 130 | H10: =IFERROR(VLOOKUP($C$10,'아군 유닛'!$C$6:$N$9,COLUMN(A4)+3,FALSE),"") -> 6 | I10: =IFERROR(VLOOKUP($C$10,'아군 유닛'!$C$6:$N$9,COLUMN(B4)+3,FALSE),"") -> 8 | J10: =IFERROR(VLOOKUP($C$10,'아군 유닛'!$C$6:$N$9,COLUMN(C4)+3,FALSE),"") -> 6 | K10: =IFERROR(VLOOKUP($C$10,'아군 유닛'!$C$6:$N$9,COLUMN(D4)+3,FALSE),"") -> 0.1 | L10: =IFERROR(VLOOKUP($C$10,'아군 유닛'!$C$6:$N$9,COLUMN(E4)+3,FALSE),"") -> 0.1 | M10: =IFERROR(VLOOKUP($C$10,'아군 유닛'!$C$6:$N$9,COLUMN(F4)+3,FALSE),"") -> 0.15 | N10: =IFERROR(VLOOKUP($C$10,'아군 유닛'!$C$6:$N$9,COLUMN(G4)+3,FALSE),"") -> 2
A12: 2. 유닛 레벨업 스테이터스
B13: 파티 멤버 | C13: 캐릭터명 | D13: 클래스 콘셉트 | E13: 유닛 랭크 | F13: 랭크 표시 | G13: 최대 I.P | H13: 랭크업 유닛 최대 체력 = 유닛 최대 체력 + 캐릭터 보정치 × 레벨 | I13: 랭크업 유닛 공격력 = 유닛 공격력 + 캐릭터 보정치 × 레벨 | J13: 랭크업 유닛 방어력 = 유닛 방어력 + 캐릭터 보정치 × 레벨
B14: 1 | C14: =$C$7 -> 저스티스 | D14: =$D$7 -> 평균적인 능력치를 지닌 근거리 히어로 | E14: =E7 -> 3 | F14: =IFERROR(VLOOKUP($E14,'성장 시스템'!#REF!,2,FALSE),"") | G14: =IFERROR(VLOOKUP(E14,'범례(시뮬용)'!$L$15:$M$29,2,FALSE),"") -> 140 | H14: =H7+'아군 유닛'!O6*($E14-1) -> 14 | I14: =I7+'아군 유닛'!P6*($E$14-1) -> 17 | J14: =J7+'아군 유닛'!Q6*($E$14-1) -> 9
B15: 2 | C15: =$C$8 -> 루미나 | D15: =$D$8 -> 다중 공격에 특화된 원거리 히어로 | E15: =E8 -> 3 | F15: =IFERROR(VLOOKUP($E15,'성장 시스템'!#REF!,2,FALSE),"") | G15: =IFERROR(VLOOKUP(E15,'범례(시뮬용)'!$L$15:$M$29,2,FALSE),"") -> 140 | H15: =H$8+'아군 유닛'!O7*($E$15-1) -> 12 | I15: =I$8+'아군 유닛'!P7*($E$15-1) -> 20 | J15: =J$8+'아군 유닛'!Q7*($E$15-1) -> 8
B16: 3 | C16: =$C$9 -> 블랙 불릿 | D16: =$D$9 -> 단일 공격에 특화된 원거리 히어로 | E16: =E9 -> 3 | F16: =IFERROR(VLOOKUP($E16,'성장 시스템'!#REF!,2,FALSE),"") | G16: =IFERROR(VLOOKUP(E16,'범례(시뮬용)'!$L$15:$M$29,2,FALSE),"") -> 140 | H16: =H$9+'아군 유닛'!O8*($E$16-1) -> 10 | I16: =I$9+'아군 유닛'!P8*($E$16-1) -> 24 | J16: =J$9+'아군 유닛'!Q8*($E$16-1) -> 6
B17: 4 | C17: =$C$10 -> 네코밍 | D17: =$D$10 -> 회복이 가능한 원거리 히어로 | E17: =E10 -> 2 | F17: =IFERROR(VLOOKUP($E17,'성장 시스템'!#REF!,2,FALSE),"") | G17: =IFERROR(VLOOKUP(E17,'범례(시뮬용)'!$L$15:$M$29,2,FALSE),"") -> 130 | H17: =H$10+'아군 유닛'!O9*($E$17-1) -> 11 | I17: =I$10+'아군 유닛'!P9*($E$17-1) -> 12 | J17: =J$10+'아군 유닛'!Q9*($E$17-1) -> 7
A19: 3. 유닛 무기 스테이터스
G20: 무기 추가 스테이터스
B21: 파티 멤버 | C21: 캐릭터명 | D21: 착용 무기 | E21: 무기 설명 | F21: 무기 레벨 | G21: 최대 체력 증가량 | H21: 공격력 증가량 | I21: 방어력 증가량 | J21: 치명타율 증가량 | K21: 반격율 증가량 | L21: 피해 경감 확률 증가량 | M21: 스피드 증가량
B22: 1 | C22: =$C$7 -> 저스티스 | D22: 하급 투쟁의 코어 | E22: =IFERROR(INDEX('무기(기획용)'!$D$3:$D$17,MATCH(D22,'무기(기획용)'!$C$3:$C$17,0)),"") -> 기본 제공 무기 | F22: 1 | G22: =IFERROR(INDEX('무기(기획용)'!$E$3:$I$17,MATCH($D22,'무기(기획용)'!$C$3:$C$17,0),F22),"") -> 0 | H22: =IFERROR(INDEX('무기(기획용)'!$J$3:$N$17,MATCH($D22,'무기(기획용)'!$C$3:$C$17,0),$F22),"") -> 1 | I22: =IFERROR(INDEX('무기(기획용)'!$O$3:$S$17,MATCH($D22,'무기(기획용)'!$C$3:$C$17,0),F22),"") -> 0 | J22: =IFERROR(INDEX('무기(기획용)'!T$3:T$17,MATCH($D22,'무기(기획용)'!$C$3:$C$17,0)),"") -> 0 | K22: =IFERROR(INDEX('무기(기획용)'!U$3:U$17,MATCH($D$22,'무기(기획용)'!$C$3:$C$17,0)),"") -> 0 | L22: =IFERROR(INDEX('무기(기획용)'!V$3:V$17,MATCH($D$22,'무기(기획용)'!$C$3:$C$17,0)),"") -> 0 | M22: =IFERROR(INDEX('무기(기획용)'!W$3:W$17,MATCH($D22,'무기(기획용)'!$C$3:$C$17,0)),"") -> 0
B23: 2 | C23: =$C$8 -> 루미나 | D23: 하급 폭주의 코어 | E23: =IFERROR(INDEX('무기(기획용)'!$D$3:$D$17,MATCH(D23,'무기(기획용)'!$C$3:$C$17,0)),"") -> 기본 제공 무기 | F23: 1 | G23: =IFERROR(INDEX('무기(기획용)'!$E$3:$I$17,MATCH($D23,'무기(기획용)'!$C$3:$C$17,0),F23),"") -> 0 | H23: =IFERROR(INDEX('무기(기획용)'!$J$3:$N$17,MATCH($D23,'무기(기획용)'!$C$3:$C$17,0),$F23),"") -> 1 | I23: =IFERROR(INDEX('무기(기획용)'!$O$3:$S$17,MATCH($D23,'무기(기획용)'!$C$3:$C$17,0),F23),"") -> 0 | J23: =IFERROR(INDEX('무기(기획용)'!T$3:T$17,MATCH($D$23,'무기(기획용)'!$C$3:$C$17,0)),"") -> 0 | K23: =IFERROR(INDEX('무기(기획용)'!U$3:U$17,MATCH($D$23,'무기(기획용)'!$C$3:$C$17,0)),"") -> 0 | L23: =IFERROR(INDEX('무기(기획용)'!V$3:V$17,MATCH($D$23,'무기(기획용)'!$C$3:$C$17,0)),"") -> 0 | M23: =IFERROR(INDEX('무기(기획용)'!W$3:W$17,MATCH($D$23,'무기(기획용)'!$C$3:$C$17,0)),"") -> 0
B24: 3 | C24: =$C$9 -> 블랙 불릿 | D24: 하급 정밀의 코어 | E24: =IFERROR(INDEX('무기(기획용)'!$D$3:$D$17,MATCH(D24,'무기(기획용)'!$C$3:$C$17,0)),"") -> 기본 제공 무기 | F24: 1 | G24: =IFERROR(INDEX('무기(기획용)'!$E$3:$I$17,MATCH($D24,'무기(기획용)'!$C$3:$C$17,0),F24),"") -> 0 | H24: =IFERROR(INDEX('무기(기획용)'!$J$3:$N$17,MATCH($D24,'무기(기획용)'!$C$3:$C$17,0),$F24),"") -> 1 | I24: =IFERROR(INDEX('무기(기획용)'!$O$3:$S$17,MATCH($D24,'무기(기획용)'!$C$3:$C$17,0),F24),"") -> 0 | J24: =IFERROR(INDEX('무기(기획용)'!T$3:T$17,MATCH($D$24,'무기(기획용)'!$C$3:$C$17,0)),"") -> 0 | K24: =IFERROR(INDEX('무기(기획용)'!U$3:U$17,MATCH($D$24,'무기(기획용)'!$C$3:$C$17,0)),"") -> 0 | L24: =IFERROR(INDEX('무기(기획용)'!V$3:V$17,MATCH($D$24,'무기(기획용)'!$C$3:$C$17,0)),"") -> 0 | M24: =IFERROR(INDEX('무기(기획용)'!W$3:W$17,MATCH($D$24,'무기(기획용)'!$C$3:$C$17,0)),"") -> 0
B25: 4 | C25: =$C$10 -> 네코밍 | D25: 하급 회복의 코어 | E25: =IFERROR(INDEX('무기(기획용)'!$D$3:$D$17,MATCH(D25,'무기(기획용)'!$C$3:$C$17,0)),"") -> 기본 제공 무기 | F25: 1 | G25: =IFERROR(INDEX('무기(기획용)'!$E$3:$I$17,MATCH($D25,'무기(기획용)'!$C$3:$C$17,0),F25),"") -> 0 | H25: =IFERROR(INDEX('무기(기획용)'!$J$3:$N$17,MATCH($D25,'무기(기획용)'!$C$3:$C$17,0),$F25),"") -> 1 | I25: =IFERROR(INDEX('무기(기획용)'!$O$3:$S$17,MATCH($D25,'무기(기획용)'!$C$3:$C$17,0),F25),"") -> 0 | J25: =IFERROR(INDEX('무기(기획용)'!T$3:T$17,MATCH($D$25,'무기(기획용)'!$C$3:$C$17,0)),"") -> 0 | K25: =IFERROR(INDEX('무기(기획용)'!U$3:U$17,MATCH($D$25,'무기(기획용)'!$C$3:$C$17,0)),"") -> 0 | L25: =IFERROR(INDEX('무기(기획용)'!V$3:V$17,MATCH($D$25,'무기(기획용)'!$C$3:$C$17,0)),"") -> 0 | M25: =IFERROR(INDEX('무기(기획용)'!W$3:W$17,MATCH($D$25,'무기(기획용)'!$C$3:$C$17,0)),"") -> 0
A27: 4. 유닛 스킬
B28: 파티 멤버 | C28: 캐릭터명 | D28: 유닛 레벨 | E28: 착용 직업 스킬 | F28: 착용 직업 스킬 설명 | G28: 착용 무기 | H28: 착용 무기 스킬 | I28: 착용 무기 스킬 설명
B29: 1 | C29: =$C$7 -> 저스티스 | D29: =$E$14 -> 3 | E29: 도발 베기 | F29: =IFERROR(VLOOKUP($E29,'직업 스킬(기획용)'!$D$3:$E$30,2,FALSE),"") -> 적 1명에게 {ClassSkillValue} 대미지를 입히고, 1턴 동안 해당 대상이 단일 공격 시 자신을 공격하게 한다. (적 전열이 있을 경우, 전열 우선 공격) | G29: =$D$22 -> 하급 투쟁의 코어 | H29: =IFERROR(INDEX('무기(기획용)'!Y$3:Y$17,MATCH($G29,'무기(기획용)'!$C$3:$C$17,0)),"") -> 베어가르기 | I29: =IFERROR(INDEX('무기(기획용)'!Z$3:Z$17,MATCH($H29,'무기(기획용)'!$Y$3:$Y$17,0)),"") -> 적 유닛 1명에게 {WeaponSkillValue} 대미지를 준다. (전열 우선)
B30: 2 | C30: =$C$8 -> 루미나 | D30: =$E$15 -> 3 | E30: 파이어볼 | F30: =IFERROR(VLOOKUP($E30,'직업 스킬(기획용)'!$D$3:$E$30,2,FALSE),"") -> 적 1명에게 {ClassSkillValue} 대미지를 입힌다. | G30: =$D$23 -> 하급 폭주의 코어 | H30: =IFERROR(INDEX('무기(기획용)'!Y$3:Y$17,MATCH($G30,'무기(기획용)'!$C$3:$C$17,0)),"") -> 매직 미사일 | I30: =IFERROR(INDEX('무기(기획용)'!Z$3:Z$17,MATCH($H30,'무기(기획용)'!$Y$3:$Y$17,0)),"") -> 적 유닛 1명에게 {WeaponSkillValue} 대미지를 준다.
B31: 3 | C31: =$C$9 -> 블랙 불릿 | D31: =$E$16 -> 3 | E31: 정밀 사격 | F31: =IFERROR(VLOOKUP($E31,'직업 스킬(기획용)'!$D$3:$E$30,2,FALSE),"") -> 적 1명에게 {ClassSkillValue} 대미지를 입힌다. | G31: =$D$24 -> 하급 정밀의 코어 | H31: =IFERROR(INDEX('무기(기획용)'!Y$3:Y$17,MATCH($G31,'무기(기획용)'!$C$3:$C$17,0)),"") -> 정밀 조준 | I31: =IFERROR(INDEX('무기(기획용)'!Z$3:Z$17,MATCH($H31,'무기(기획용)'!$Y$3:$Y$17,0)),"") -> 적 유닛 1명에게 {WeaponSkillValue} 대미지를 준다.
B32: 4 | C32: =$C$10 -> 네코밍 | D32: =$E$17 -> 2 | E32: 힐 | F32: =IFERROR(VLOOKUP($E32,'직업 스킬(기획용)'!$D$3:$E$30,2,FALSE),"") -> 아군 1명 체력 30% 회복, IP 10 고정 회복 | G32: =$D$25 -> 하급 회복의 코어 | H32: =IFERROR(INDEX('무기(기획용)'!Y$3:Y$17,MATCH($G32,'무기(기획용)'!$C$3:$C$17,0)),"") -> 성광 | I32: =IFERROR(INDEX('무기(기획용)'!Z$3:Z$17,MATCH($H32,'무기(기획용)'!$Y$3:$Y$17,0)),"") -> 적 유닛 1명에게 {WeaponSkillValue} 대미지를 준다.
A34: 5. 최종 스테이터스
E35: 캐릭터 최종 스테이터스
B36: 파티 멤버 | C36: 캐릭터명 | D36: 유닛 레벨 | E36: 최대 체력 | F36: 공격력 | G36: 방어력 | H36: 치명타율 | I36: 반격율 | J36: 피해 경감률 | K36: 스피드 | L36: 착용 직업 스킬 | M36: 착용 무기 | N36: 착용 무기 스킬
B37: 1 | C37: =$C$7 -> 저스티스 | D37: =$E$14 -> 3 | E37: =SUM(H14,G22) -> 14 | F37: =SUM(I14,H22) -> 18 | G37: =SUM(J14,I22) -> 9 | H37: =MIN(SUM(K7,J22),70%) -> 0.15 | I37: =MIN(SUM(L7,K22),70%) -> 0.15 | J37: =MIN(SUM(M7,L22),70%) -> 0.15 | K37: =SUM(N7,M22) -> 2 | L37: =$E$29 -> 도발 베기 | M37: =$D$22 -> 하급 투쟁의 코어 | N37: =$H$29 -> 베어가르기
B38: 2 | C38: =$C$8 -> 루미나 | D38: =$E$15 -> 3 | E38: =SUM(H15,G23) -> 12 | F38: =SUM(I15,H23) -> 21 | G38: =SUM(J15,I23) -> 8 | H38: =MIN(SUM(K8,J23),70%) -> 0.3 | I38: =MIN(SUM(L8,K23),70%) -> 0.1 | J38: =MIN(SUM(M8,L23),70%) -> 0.2 | K38: =SUM(N8,M23) -> 3 | L38: =$E$30 -> 파이어볼 | M38: =$D$23 -> 하급 폭주의 코어 | N38: =$H$30 -> 매직 미사일
B39: 3 | C39: =$C$9 -> 블랙 불릿 | D39: =$E$16 -> 3 | E39: =SUM(H16,G24) -> 10 | F39: =SUM(I16,H24) -> 25 | G39: =SUM(J16,I24) -> 6 | H39: =MIN(SUM(K9,J24),70%) -> 0.2 | I39: =MIN(SUM(L9,K24),70%) -> 0.05 | J39: =MIN(SUM(M9,L24),70%) -> 0.1 | K39: =SUM(N9,M24) -> 2 | L39: =$E$31 -> 정밀 사격 | M39: =$D$24 -> 하급 정밀의 코어 | N39: =$H$31 -> 정밀 조준
B40: 4 | C40: =$C$10 -> 네코밍 | D40: =$E$17 -> 2 | E40: =SUM(H17,G25) -> 11 | F40: =SUM(I17,H25) -> 13 | G40: =SUM(J17,I25) -> 7 | H40: =MIN(SUM(K10,J25),70%) -> 0.1 | I40: =MIN(SUM(L10,K25),70%) -> 0.1 | J40: =MIN(SUM(M10,L25),70%) -> 0.15 | K40: =SUM(N10,M25) -> 2 | L40: =$E$32 -> 힐 | M40: =$D$25 -> 하급 회복의 코어 | N40: =$H$32 -> 성광

Sheet 범례(시뮬용)
A1: 현재 클래스 | B1: 현재 랭크 | C1: 사용 가능 스킬1 | D1: 사용 가능 스킬2 | E1: 사용 가능 스킬3 | F1: 사용 가능 스킬4 | G1: 사용 가능 스킬5 | H1: 사용 가능 스킬6 | I1: 사용 가능 스킬7 | L1: 현재 클래스 | M1: 착용 가능 무기1 | N1: 착용 가능 무기2 | O1: 착용 가능 무기3
A2: ='스탯 시뮬'!C7 -> 저스티스 | B2: ='스탯 시뮬'!E14 -> 3 | C2: =IFERROR(INDEX($C$8:$I$114,$J2,COLUMN(A1))&"","") | D2: =IFERROR(INDEX($C$8:$I$114,$J2,COLUMN(B1))&"","") | E2: =IFERROR(INDEX($C$8:$I$114,$J2,COLUMN(C1))&"","") | F2: =IFERROR(INDEX($C$8:$I$114,$J2,COLUMN(D1))&"","") | G2: =IFERROR(INDEX($C$8:$I$114,$J2,COLUMN(E1))&"","") | H2: =IFERROR(INDEX($C$8:$I$114,$J2,COLUMN(F1))&"","") | I2: =IFERROR(INDEX($C$8:$I$114,$J2,COLUMN(G1))&"","") | J2: {=MATCH(1,($A$8:$A$114=$A2)*($B$8:$B$114=$B2),0)} -> #N/A | L2: =A2 -> 저스티스 | M2: =IFERROR(VLOOKUP($L2,$L$8:$O$12,COLUMN(A1)+1,FALSE),"") | N2: =IFERROR(VLOOKUP($L2,$L$8:$O$12,COLUMN(B1)+1,FALSE),"") | O2: =IFERROR(VLOOKUP($L2,$L$8:$O$12,COLUMN(C1)+1,FALSE),"")
A3: ='스탯 시뮬'!C8 -> 루미나 | B3: ='스탯 시뮬'!E15 -> 3 | C3: =IFERROR(INDEX($C$8:$I$114,$J3,COLUMN(A2))&"","") | D3: =IFERROR(INDEX($C$8:$I$114,$J3,COLUMN(B2))&"","") | E3: =IFERROR(INDEX($C$8:$I$114,$J3,COLUMN(C2))&"","") | F3: =IFERROR(INDEX($C$8:$I$114,$J3,COLUMN(D2))&"","") | G3: =IFERROR(INDEX($C$8:$I$114,$J3,COLUMN(E2))&"","") | H3: =IFERROR(INDEX($C$8:$I$114,$J3,COLUMN(F2))&"","") | I3: =IFERROR(INDEX($C$8:$I$114,$J3,COLUMN(G2))&"","") | J3: {=MATCH(1,($A$8:$A$114=$A3)*($B$8:$B$114=$B3),0)} -> #N/A | L3: =A3 -> 루미나 | M3: =IFERROR(VLOOKUP($L3,$L$8:$O$12,COLUMN(A2)+1,FALSE),"") | N3: =IFERROR(VLOOKUP($L3,$L$8:$O$12,COLUMN(B2)+1,FALSE),"") | O3: =IFERROR(VLOOKUP($L3,$L$8:$O$12,COLUMN(C2)+1,FALSE),"")
A4: ='스탯 시뮬'!C9 -> 블랙 불릿 | B4: ='스탯 시뮬'!E16 -> 3 | C4: =IFERROR(INDEX($C$8:$I$114,$J4,COLUMN(A3))&"","") | D4: =IFERROR(INDEX($C$8:$I$114,$J4,COLUMN(B3))&"","") | E4: =IFERROR(INDEX($C$8:$I$114,$J4,COLUMN(C3))&"","") | F4: =IFERROR(INDEX($C$8:$I$114,$J4,COLUMN(D3))&"","") | G4: =IFERROR(INDEX($C$8:$I$114,$J4,COLUMN(E3))&"","") | H4: =IFERROR(INDEX($C$8:$I$114,$J4,COLUMN(F3))&"","") | I4: =IFERROR(INDEX($C$8:$I$114,$J4,COLUMN(G3))&"","") | J4: {=MATCH(1,($A$8:$A$114=$A4)*($B$8:$B$114=$B4),0)} -> #N/A | L4: =A4 -> 블랙 불릿 | M4: =IFERROR(VLOOKUP($L4,$L$8:$O$12,COLUMN(A3)+1,FALSE),"") | N4: =IFERROR(VLOOKUP($L4,$L$8:$O$12,COLUMN(B3)+1,FALSE),"") | O4: =IFERROR(VLOOKUP($L4,$L$8:$O$12,COLUMN(C3)+1,FALSE),"")
A5: ='스탯 시뮬'!C10 -> 네코밍 | B5: ='스탯 시뮬'!E17 -> 2 | C5: =IFERROR(INDEX($C$8:$I$114,$J5,COLUMN(A4))&"","") | D5: =IFERROR(INDEX($C$8:$I$114,$J5,COLUMN(B4))&"","") | E5: =IFERROR(INDEX($C$8:$I$114,$J5,COLUMN(C4))&"","") | F5: =IFERROR(INDEX($C$8:$I$114,$J5,COLUMN(D4))&"","") | G5: =IFERROR(INDEX($C$8:$I$114,$J5,COLUMN(E4))&"","") | H5: =IFERROR(INDEX($C$8:$I$114,$J5,COLUMN(F4))&"","") | I5: =IFERROR(INDEX($C$8:$I$114,$J5,COLUMN(G4))&"","") | J5: {=MATCH(1,($A$8:$A$114=$A5)*($B$8:$B$114=$B5),0)} -> #N/A | L5: =A5 -> 네코밍 | M5: =IFERROR(VLOOKUP($L5,$L$8:$O$12,COLUMN(A4)+1,FALSE),"") | N5: =IFERROR(VLOOKUP($L5,$L$8:$O$12,COLUMN(B4)+1,FALSE),"") | O5: =IFERROR(VLOOKUP($L5,$L$8:$O$12,COLUMN(C4)+1,FALSE),"")
A7: 클래스명 | B7: 현재 랭크 | C7: 사용 가능 스킬1 | D7: 사용 가능 스킬2 | E7: 사용 가능 스킬3 | F7: 사용 가능 스킬4 | G7: 사용 가능 스킬5 | H7: 사용 가능 스킬6 | I7: 사용 가능 스킬7 | L7: 현재 클래스 | M7: 착용 가능 무기1 | N7: 착용 가능 무기2 | O7: 착용 가능 무기3
A8: 가디언 | B8: 1 | C8: 도발 베기 | L8: 가디언 | M8: 하급 수호의 코어 | N8: 중급 수호의 코어 | O8: 상급 수호의 코어
A9: 가디언 | B9: 2 | C9: 도발 베기 | L9: 스트라이커 | M9: 하급 정밀의 코어 | N9: 중급 정밀의 코어 | O9: 상급 정밀의 코어
A10: 가디언 | B10: 3 | C10: 도발 베기 | D10: 일렬 베기 | L10: 블래스터 | M10: 하급 폭주의 코어 | N10: 중급 폭주의 코어 | O10: 상급 폭주의 코어
A11: 가디언 | B11: 4 | C11: 도발 베기 | D11: 일렬 베기 | L11: 서포터 | M11: 하급 회복의 코어 | N11: 중급 회복의 코어 | O11: 상급 회복의 코어
A12: 가디언 | B12: 5 | C12: 도발 베기 | D12: 일렬 베기 | E12: 관통 | L12: 파이터 | M12: 하급 투쟁의 코어 | N12: 중급 투쟁의 코어 | O12: 상급 투쟁의 코어
A13: 가디언 | B13: 6 | C13: 도발 베기 | D13: 일렬 베기 | E13: 관통
A14: 가디언 | B14: 7 | C14: 도발 베기 | D14: 일렬 베기 | E14: 관통 | F14: 광역 도발 | L14: 랭크 | M14: 최대 호감도
A15: 가디언 | B15: 8 | C15: 도발 베기 | D15: 일렬 베기 | E15: 관통 | F15: 광역 도발 | L15: 1 | M15: 120
A16: 가디언 | B16: 9 | C16: 도발 베기 | D16: 일렬 베기 | E16: 관통 | F16: 광역 도발 | L16: 2 | M16: 130
A17: 가디언 | B17: 10 | C17: 도발 베기 | D17: 일렬 베기 | E17: 관통 | F17: 광역 도발 | G17: 돌파 | L17: 3 | M17: 140
A18: 가디언 | B18: 11 | C18: 도발 베기 | D18: 일렬 베기 | E18: 관통 | F18: 광역 도발 | G18: 돌파 | L18: 4 | M18: 150
A19: 가디언 | B19: 12 | C19: 도발 베기 | D19: 일렬 베기 | E19: 관통 | F19: 광역 도발 | G19: 돌파 | H19: 쌍렬 베기 | L19: 5 | M19: 160
A20: 가디언 | B20: 13 | C20: 도발 베기 | D20: 일렬 베기 | E20: 관통 | F20: 광역 도발 | G20: 돌파 | H20: 쌍렬 베기 | L20: 6 | M20: 170
A21: 가디언 | B21: 14 | C21: 도발 베기 | D21: 일렬 베기 | E21: 관통 | F21: 광역 도발 | G21: 돌파 | H21: 쌍렬 베기 | L21: 7 | M21: 180
A22: 가디언 | B22: 15 | C22: 도발 베기 | D22: 일렬 베기 | E22: 관통 | F22: 광역 도발 | G22: 돌파 | H22: 쌍렬 베기 | I22: 불굴 | L22: 8 | M22: 200
A23: 스트라이커 | B23: 1 | C23: 정밀 사격
A24: 스트라이커 | B24: 2 | C24: 정밀 사격
A25: 스트라이커 | B25: 3 | C25: 정밀 사격 | D25: 전열 저격
A26: 스트라이커 | B26: 4 | C26: 정밀 사격 | D26: 전열 저격
A27: 스트라이커 | B27: 5 | C27: 정밀 사격 | D27: 전열 저격 | E27: 후열 저격
A28: 스트라이커 | B28: 6 | C28: 정밀 사격 | D28: 전열 저격 | E28: 후열 저격
A29: 스트라이커 | B29: 7 | C29: 정밀 사격 | D29: 전열 저격 | E29: 후열 저격 | F29: 연속 사격
A30: 스트라이커 | B30: 8 | C30: 정밀 사격 | D30: 전열 저격 | E30: 후열 저격 | F30: 연속 사격
A31: 스트라이커 | B31: 9 | C31: 정밀 사격 | D31: 전열 저격 | E31: 후열 저격 | F31: 연속 사격
A32: 스트라이커 | B32: 10 | C32: 정밀 사격 | D32: 전열 저격 | E32: 후열 저격 | F32: 연속 사격 | G32: 급소 저격
A33: 스트라이커 | B33: 11 | C33: 정밀 사격 | D33: 전열 저격 | E33: 후열 저격 | F33: 연속 사격 | G33: 급소 저격
A34: 스트라이커 | B34: 12 | C34: 정밀 사격 | D34: 전열 저격 | E34: 후열 저격 | F34: 연속 사격 | G34: 급소 저격 | H34: 화살비
A35: 스트라이커 | B35: 13 | C35: 정밀 사격 | D35: 전열 저격 | E35: 후열 저격 | F35: 연속 사격 | G35: 급소 저격 | H35: 화살비
A36: 스트라이커 | B36: 14 | C36: 정밀 사격 | D36: 전열 저격 | E36: 후열 저격 | F36: 연속 사격 | G36: 급소 저격 | H36: 화살비
A37: 스트라이커 | B37: 15 | C37: 정밀 사격 | D37: 전열 저격 | E37: 후열 저격 | F37: 연속 사격 | G37: 급소 저격 | H37: 화살비 | I37: 최후의 일격
A38: 블래스터 | B38: 1 | C38: 파이어볼
A39: 블래스터 | B39: 2 | C39: 파이어볼
A40: 블래스터 | B40: 3 | C40: 파이어볼 | D40: 번개 확산
A41: 블래스터 | B41: 4 | C41: 파이어볼 | D41: 번개 확산
A42: 블래스터 | B42: 5 | C42: 파이어볼 | D42: 번개 확산 | E42: 마력 집중
A43: 블래스터 | B43: 6 | C43: 파이어볼 | D43: 번개 확산 | E43: 마력 집중
A44: 블래스터 | B44: 7 | C44: 파이어볼 | D44: 번개 확산 | E44: 마력 집중 | F44: 연쇄 번개
A45: 블래스터 | B45: 8 | C45: 파이어볼 | D45: 번개 확산 | E45: 마력 집중 | F45: 연쇄 번개
A46: 블래스터 | B46: 9 | C46: 파이어볼 | D46: 번개 확산 | E46: 마력 집중 | F46: 연쇄 번개
A47: 블래스터 | B47: 10 | C47: 파이어볼 | D47: 번개 확산 | E47: 마력 집중 | F47: 연쇄 번개 | G47: 메테오
A48: 블래스터 | B48: 11 | C48: 파이어볼 | D48: 번개 확산 | E48: 마력 집중 | F48: 연쇄 번개 | G48: 메테오
A49: 블래스터 | B49: 12 | C49: 파이어볼 | D49: 번개 확산 | E49: 마력 집중 | F49: 연쇄 번개 | G49: 메테오 | H49: 마력 폭발
A50: 블래스터 | B50: 13 | C50: 파이어볼 | D50: 번개 확산 | E50: 마력 집중 | F50: 연쇄 번개 | G50: 메테오 | H50: 마력 폭발
A51: 블래스터 | B51: 14 | C51: 파이어볼 | D51: 번개 확산 | E51: 마력 집중 | F51: 연쇄 번개 | G51: 메테오 | H51: 마력 폭발
A52: 블래스터 | B52: 15 | C52: 파이어볼 | D52: 번개 확산 | E52: 마력 집중 | F52: 연쇄 번개 | G52: 메테오 | H52: 마력 폭발 | I52: 붕괴
A53: 서포터 | B53: 1 | C53: 힐
A54: 서포터 | B54: 2 | C54: 힐
A55: 서포터 | B55: 3 | C55: 힐 | D55: 신성탄
A56: 서포터 | B56: 4 | C56: 힐 | D56: 신성탄
A57: 서포터 | B57: 5 | C57: 힐 | D57: 신성탄 | E57: 긴급 치유
A58: 서포터 | B58: 6 | C58: 힐 | D58: 신성탄 | E58: 긴급 치유
A59: 서포터 | B59: 7 | C59: 힐 | D59: 신성탄 | E59: 긴급 치유 | F59: 심판의 빛
A60: 서포터 | B60: 8 | C60: 힐 | D60: 신성탄 | E60: 긴급 치유 | F60: 심판의 빛
A61: 서포터 | B61: 9 | C61: 힐 | D61: 신성탄 | E61: 긴급 치유 | F61: 심판의 빛
A62: 서포터 | B62: 10 | C62: 힐 | D62: 신성탄 | E62: 긴급 치유 | F62: 심판의 빛 | G62: 광역 힐
A63: 서포터 | B63: 11 | C63: 힐 | D63: 신성탄 | E63: 긴급 치유 | F63: 심판의 빛 | G63: 광역 힐
A64: 서포터 | B64: 12 | C64: 힐 | D64: 신성탄 | E64: 긴급 치유 | F64: 심판의 빛 | G64: 광역 힐 | H64: 신성 폭발
A65: 서포터 | B65: 13 | C65: 힐 | D65: 신성탄 | E65: 긴급 치유 | F65: 심판의 빛 | G65: 광역 힐 | H65: 신성 폭발
A66: 서포터 | B66: 14 | C66: 힐 | D66: 신성탄 | E66: 긴급 치유 | F66: 심판의 빛 | G66: 광역 힐 | H66: 신성 폭발
A67: 서포터 | B67: 15 | C67: 힐 | D67: 신성탄 | E67: 긴급 치유 | F67: 심판의 빛 | G67: 광역 힐 | H67: 신성 폭발 | I67: 기적
A68: 클래스명 | B68: 레벨 | C68: 사용 가능 스킬1 | D68: 사용 가능 스킬2 | E68: 사용 가능 스킬3 | F68: 사용 가능 스킬4 | G68: 사용 가능 스킬5 | H68: 사용 가능 스킬6 | I68: 사용 가능 스킬7
A69: 파이터 | B69: 1 | C69: 정면 베기
A70: 파이터 | B70: 2 | C70: 정면 베기
A71: 파이터 | B71: 3 | C71: 정면 베기 | D71: 투쟁의 코어기
A72: 파이터 | B72: 4 | C72: 정면 베기 | D72: 투쟁의 코어기
A73: 파이터 | B73: 5 | C73: 정면 베기 | D73: 투쟁의 코어기 | E73: 후열 돌파
A74: 파이터 | B74: 6 | C74: 정면 베기 | D74: 투쟁의 코어기 | E74: 후열 돌파
A75: 파이터 | B75: 7 | C75: 정면 베기 | D75: 투쟁의 코어기 | E75: 후열 돌파 | F75: 연속 베기
A76: 파이터 | B76: 8 | C76: 정면 베기 | D76: 투쟁의 코어기 | E76: 후열 돌파 | F76: 연속 베기
A77: 파이터 | B77: 9 | C77: 정면 베기 | D77: 투쟁의 코어기 | E77: 후열 돌파 | F77: 연속 베기
A78: 파이터 | B78: 10 | C78: 정면 베기 | D78: 투쟁의 코어기 | E78: 후열 돌파 | F78: 연속 베기 | G78: 급소 찌르기
A79: 파이터 | B79: 11 | C79: 정면 베기 | D79: 투쟁의 코어기 | E79: 후열 돌파 | F79: 연속 베기 | G79: 급소 찌르기
A80: 파이터 | B80: 12 | C80: 정면 베기 | D80: 투쟁의 코어기 | E80: 후열 돌파 | F80: 연속 베기 | G80: 급소 찌르기 | H80: 전술 베기
A81: 파이터 | B81: 13 | C81: 정면 베기 | D81: 투쟁의 코어기 | E81: 후열 돌파 | F81: 연속 베기 | G81: 급소 찌르기 | H81: 전술 베기
A82: 파이터 | B82: 14 | C82: 정면 베기 | D82: 투쟁의 코어기 | E82: 후열 돌파 | F82: 연속 베기 | G82: 급소 찌르기 | H82: 전술 베기
A83: 파이터 | B83: 15 | C83: 정면 베기 | D83: 투쟁의 코어기 | E83: 후열 돌파 | F83: 연속 베기 | G83: 급소 찌르기 | H83: 전술 베기 | I83: 결투

Sheet 전투 시뮬
A2: 1. 전투 시뮬레이터 목표 및 개요
B3: 본 시뮬레이터는 다대다 전투 환경에서 캐릭터별 전투 성능과 전투 소요 턴을 투쟁의 검증하기 위한 도구이다. 간소한 전투 대미지 계산을 위해 치명타율/반격율/회피율 등 부가 요소는 고려하지 않는다.
A5: 2. 대미지 계산 공식
B6: 기본 대미지는 공식은 1:1 전투 시뮬레이터와 동일하다. 1) 공격력과 방어력의 차이를 구한다. damageBase = 공격력 - 방어력 2) 스킬 계수를 곱한다. damageBase = damageBase × 스킬 계수 3) IP 보정치를 곱한다. damageBase = damageBase × (현재 IP / 100) 4) 계산 결과를 정수로 변환한다. 소수점이 발생할 경우, 소수 첫째 자리에서 반올림한다. (예: 14.4 → 14, 16.5 → 17) 최종 대미지는 다음 규칙을 따른다. 1) 기본 대미지가 2 미만일 경우, 2로 고정한다. (음수 포함) 2) 그 외의 경우, 기본 대미지를 그대로 사용한다.
A8: 3. 전투 시뮬레이터
B9: 범례 | C9: 타 시트에서 가져오는 값
C10: 이 시트에서 바꾸는 값
C11: 이 시트에서 계산되는 값
C12: 고정치 | G12: 최종 스테이터스
C13: 유닛명 | D13: 유닛 레벨 | E13: 최대 IP | F13: 현재 IP | G13: 최종 체력 | H13: 최종 공격력 | I13: 최종 방어력 | J13: 최종 치명타율 (미사용) | K13: 최종 반격율 (미사용) | L13: 최종 회피율 (미사용) | M13: 최종 스피드 (미사용) | N13: 스킬 계수
B14: Hero 01 | C14: 저스티스 | D14: 3 | E14: =VLOOKUP($D14,'범례(시뮬용)'!$L$15:$M$29,2,FALSE) -> 140 | F14: 100 | G14: ='스탯 시뮬'!E37 -> 14 | H14: ='스탯 시뮬'!F37 -> 18 | I14: ='스탯 시뮬'!G37 -> 9 | J14: ='스탯 시뮬'!H37 -> 0.15 | K14: ='스탯 시뮬'!I37 -> 0.15 | L14: ='스탯 시뮬'!J37 -> 0.15 | M14: ='스탯 시뮬'!K37 -> 2 | N14: 1
B15: Hero 02 | C15: 루미나 | D15: 3 | E15: =VLOOKUP($D15,'범례(시뮬용)'!$L$15:$M$29,2,FALSE) -> 140 | F15: 100 | G15: ='스탯 시뮬'!E38 -> 12 | H15: ='스탯 시뮬'!F38 -> 21 | I15: ='스탯 시뮬'!G38 -> 8 | J15: ='스탯 시뮬'!H38 -> 0.3 | K15: ='스탯 시뮬'!I38 -> 0.1 | L15: ='스탯 시뮬'!J38 -> 0.2 | M15: ='스탯 시뮬'!K38 -> 3 | N15: 1
B16: Hero 03 | C16: 블랙 불릿 | D16: 3 | E16: =VLOOKUP($D16,'범례(시뮬용)'!$L$15:$M$29,2,FALSE) -> 140 | F16: 100 | G16: ='스탯 시뮬'!E39 -> 10 | H16: ='스탯 시뮬'!F39 -> 25 | I16: ='스탯 시뮬'!G39 -> 6 | J16: ='스탯 시뮬'!H39 -> 0.2 | K16: ='스탯 시뮬'!I39 -> 0.05 | L16: ='스탯 시뮬'!J39 -> 0.1 | M16: ='스탯 시뮬'!K39 -> 2 | N16: 1
B17: Hero 04 | C17: 네코밍 | D17: 2 | E17: =VLOOKUP($D17,'범례(시뮬용)'!$L$15:$M$29,2,FALSE) -> 130 | F17: 100 | G17: ='스탯 시뮬'!E40 -> 11 | H17: ='스탯 시뮬'!F40 -> 13 | I17: ='스탯 시뮬'!G40 -> 7 | J17: ='스탯 시뮬'!H40 -> 0.1 | K17: ='스탯 시뮬'!I40 -> 0.1 | L17: ='스탯 시뮬'!J40 -> 0.15 | M17: ='스탯 시뮬'!K40 -> 2 | N17: 1
B18: Enemy 01 | C18: MiddleVillian | G18: =IFERROR(VLOOKUP($C18,'적군 유닛'!$C$6:$K$8,COLUMN(A1)+2,FALSE),"") -> 20 | H18: =IFERROR(VLOOKUP($C18,'적군 유닛'!$C$6:$K$8,COLUMN(B1)+2,FALSE),"") -> 12 | I18: =IFERROR(VLOOKUP($C18,'적군 유닛'!$C$6:$K$8,COLUMN(C1)+2,FALSE),"") -> 12 | J18: =IFERROR(VLOOKUP($C18,'적군 유닛'!$C$6:$K$8,COLUMN(D1)+2,FALSE),"") -> 0.2 | K18: =IFERROR(VLOOKUP($C18,'적군 유닛'!$C$6:$K$8,COLUMN(E1)+2,FALSE),"") -> 0.15 | L18: =IFERROR(VLOOKUP($C18,'적군 유닛'!$C$6:$K$8,COLUMN(F1)+2,FALSE),"") -> 0.15 | M18: =IFERROR(VLOOKUP($C18,'적군 유닛'!$C$6:$K$8,COLUMN(G1)+2,FALSE),"") -> 3 | N18: 1
B19: Enemy 02 | C19: MiddleVillian | G19: =IFERROR(VLOOKUP($C19,'적군 유닛'!$C$6:$K$8,COLUMN(A2)+2,FALSE),"") -> 20 | H19: =IFERROR(VLOOKUP($C19,'적군 유닛'!$C$6:$K$8,COLUMN(B2)+2,FALSE),"") -> 12 | I19: =IFERROR(VLOOKUP($C19,'적군 유닛'!$C$6:$K$8,COLUMN(C2)+2,FALSE),"") -> 12 | J19: =IFERROR(VLOOKUP($C19,'적군 유닛'!$C$6:$K$8,COLUMN(D2)+2,FALSE),"") -> 0.2 | K19: =IFERROR(VLOOKUP($C19,'적군 유닛'!$C$6:$K$8,COLUMN(E2)+2,FALSE),"") -> 0.15 | L19: =IFERROR(VLOOKUP($C19,'적군 유닛'!$C$6:$K$8,COLUMN(F2)+2,FALSE),"") -> 0.15 | M19: =IFERROR(VLOOKUP($C19,'적군 유닛'!$C$6:$K$8,COLUMN(G2)+2,FALSE),"") -> 3 | N19: 1
B20: Enemy 03 | C20: MiddleVillian | G20: =IFERROR(VLOOKUP($C20,'적군 유닛'!$C$6:$K$8,COLUMN(A3)+2,FALSE),"") -> 20 | H20: =IFERROR(VLOOKUP($C20,'적군 유닛'!$C$6:$K$8,COLUMN(B3)+2,FALSE),"") -> 12 | I20: =IFERROR(VLOOKUP($C20,'적군 유닛'!$C$6:$K$8,COLUMN(C3)+2,FALSE),"") -> 12 | J20: =IFERROR(VLOOKUP($C20,'적군 유닛'!$C$6:$K$8,COLUMN(D3)+2,FALSE),"") -> 0.2 | K20: =IFERROR(VLOOKUP($C20,'적군 유닛'!$C$6:$K$8,COLUMN(E3)+2,FALSE),"") -> 0.15 | L20: =IFERROR(VLOOKUP($C20,'적군 유닛'!$C$6:$K$8,COLUMN(F3)+2,FALSE),"") -> 0.15 | M20: =IFERROR(VLOOKUP($C20,'적군 유닛'!$C$6:$K$8,COLUMN(G3)+2,FALSE),"") -> 3 | N20: 1
B21: Enemy 04 | C21: MiddleVillian | G21: =IFERROR(VLOOKUP($C21,'적군 유닛'!$C$6:$K$8,COLUMN(A4)+2,FALSE),"") -> 20 | H21: =IFERROR(VLOOKUP($C21,'적군 유닛'!$C$6:$K$8,COLUMN(B4)+2,FALSE),"") -> 12 | I21: =IFERROR(VLOOKUP($C21,'적군 유닛'!$C$6:$K$8,COLUMN(C4)+2,FALSE),"") -> 12 | J21: =IFERROR(VLOOKUP($C21,'적군 유닛'!$C$6:$K$8,COLUMN(D4)+2,FALSE),"") -> 0.2 | K21: =IFERROR(VLOOKUP($C21,'적군 유닛'!$C$6:$K$8,COLUMN(E4)+2,FALSE),"") -> 0.15 | L21: =IFERROR(VLOOKUP($C21,'적군 유닛'!$C$6:$K$8,COLUMN(F4)+2,FALSE),"") -> 0.15 | M21: =IFERROR(VLOOKUP($C21,'적군 유닛'!$C$6:$K$8,COLUMN(G4)+2,FALSE),"") -> 3 | N21: 1
A23: 2. 기본 대미지
B24: 기본 대미지 최소치
B25: 2
B26: 피격자 ↓ / 공격자 → | C26: Hero 01 | D26: Hero 02 | E26: Hero 03 | F26: Hero 04
B27: Enemy 01 | C27: =MAX(ROUND(($H$14-I18)*$N$14*$F$14/100, 0), $B$25) -> 6 | D27: =MAX(ROUND(($H$15-I18)*$N$15*$F$15/100, 0), $B$25) -> 9 | E27: =MAX(ROUND(($H$16-I18)*$N$16*$F$16/100, 0), $B$25) -> 13 | F27: =MAX(ROUND(($H$17-I18)*$N$17*$F$17/100, 0), $B$25) -> 2
B28: Enemy 02 | C28: =MAX(ROUND(($H$14-I19)*$N$14*$F$14/100, 0), $B$25) -> 6 | D28: =MAX(ROUND(($H$15-I19)*$N$15*$F$15/100, 0), $B$25) -> 9 | E28: =MAX(ROUND(($H$16-I19)*$N$16*$F$16/100, 0), $B$25) -> 13 | F28: =MAX(ROUND(($H$17-I19)*$N$17*$F$17/100, 0), $B$25) -> 2
B29: Enemy 03 | C29: =MAX(ROUND(($H$14-I20)*$N$14*$F$14/100, 0), $B$25) -> 6 | D29: =MAX(ROUND(($H$15-I20)*$N$15*$F$15/100, 0), $B$25) -> 9 | E29: =MAX(ROUND(($H$16-I20)*$N$16*$F$16/100, 0), $B$25) -> 13 | F29: =MAX(ROUND(($H$17-I20)*$N$17*$F$17/100, 0), $B$25) -> 2
B30: Enemy 04 | C30: =MAX(ROUND(($H$14-I21)*$N$14*$F$14/100, 0), $B$25) -> 6 | D30: =MAX(ROUND(($H$15-I21)*$N$15*$F$15/100, 0), $B$25) -> 9 | E30: =MAX(ROUND(($H$16-I21)*$N$16*$F$16/100, 0), $B$25) -> 13 | F30: =MAX(ROUND(($H$17-I21)*$N$17*$F$17/100, 0), $B$25) -> 2
B31: 피격자 ↓ / 공격자 → | C31: Enemy 01 | D31: Enemy 02 | E31: Enemy 03 | F31: Enemy 04
B32: Hero 01 | C32: =MAX(ROUND(($H$18-I14)*$N$18,0),$B$25) -> 3 | D32: =MAX(ROUND(($H$19-I14)*$N$18,0),$B$25) -> 3 | E32: =MAX(ROUND(($H$20-I14)*$N$18,0),$B$25) -> 3 | F32: =MAX(ROUND(($H$21-I14)*$N$18,0),$B$25) -> 3
B33: Hero 02 | C33: =MAX(ROUND(($H$18-I15)*$N$18,0),$B$25) -> 4 | D33: =MAX(ROUND(($H$19-I15)*$N$18,0),$B$25) -> 4 | E33: =MAX(ROUND(($H$20-I15)*$N$18,0),$B$25) -> 4 | F33: =MAX(ROUND(($H$21-I15)*$N$18,0),$B$25) -> 4
B34: Hero 03 | C34: =MAX(ROUND(($H$18-I16)*$N$18,0),$B$25) -> 6 | D34: =MAX(ROUND(($H$19-I16)*$N$18,0),$B$25) -> 6 | E34: =MAX(ROUND(($H$20-I16)*$N$18,0),$B$25) -> 6 | F34: =MAX(ROUND(($H$21-I16)*$N$18,0),$B$25) -> 6
B35: Hero 04 | C35: =MAX(ROUND(($H$18-I17)*$N$18,0),$B$25) -> 5 | D35: =MAX(ROUND(($H$19-I17)*$N$18,0),$B$25) -> 5 | E35: =MAX(ROUND(($H$20-I17)*$N$18,0),$B$25) -> 5 | F35: =MAX(ROUND(($H$21-I17)*$N$18,0),$B$25) -> 5
A37: 3. 1:1 대응
B38: 턴수 ↓ | C38: Hero 01 | D38: Enemy 01 | E38: 턴수 ↓ | F38: Hero 02 | G38: Enemy 02 | H38: 턴수 ↓ | I38: Hero 03 | J38: Enemy 03 | K38: 턴수 ↓ | L38: Hero 04 | M38: Enemy 04
B39: 유닛명 | C39: =IFERROR(VLOOKUP(C38,$B$14:$C$17,2,FALSE),"") -> 저스티스 | D39: =IFERROR(VLOOKUP(D38,$B$18:$C$21,2,FALSE),"") -> MiddleVillian | E39: 유닛명 | F39: =IFERROR(VLOOKUP(F38,$B$14:$C$17,2,FALSE),"") -> 루미나 | G39: =IFERROR(VLOOKUP(G38,$B$18:$C$21,2,FALSE),"") -> MiddleVillian | H39: 유닛명 | I39: =IFERROR(VLOOKUP(I38,$B$14:$C$17,2,FALSE),"") -> 블랙 불릿 | J39: =IFERROR(VLOOKUP(J38,$B$18:$C$21,2,FALSE),"") -> MiddleVillian | K39: 유닛명 | L39: =IFERROR(VLOOKUP(L38,$B$14:$C$17,2,FALSE),"") -> 네코밍 | M39: =IFERROR(VLOOKUP(M38,$B$18:$C$21,2,FALSE),"") -> MiddleVillian
B40: 원래 체력 | C40: =IFERROR(VLOOKUP(C38,$B$14:$G$17,6,FALSE),"") -> 14 | D40: =IFERROR(VLOOKUP(D38,$B$18:$G$21,6,FALSE),"") -> 20 | E40: 원래 체력 | F40: =IFERROR(VLOOKUP(F38,$B$14:$G$17,6,FALSE),"") -> 12 | G40: =IFERROR(VLOOKUP(G38,$B$18:$G$21,6,FALSE),"") -> 20 | H40: 원래 체력 | I40: =IFERROR(VLOOKUP(I38,$B$14:$G$17,6,FALSE),"") -> 10 | J40: =IFERROR(VLOOKUP(J38,$B$18:$G$21,6,FALSE),"") -> 20 | K40: 원래 체력 | L40: =IFERROR(VLOOKUP(L38,$B$14:$G$17,6,FALSE),"") -> 11 | M40: =IFERROR(VLOOKUP(M38,$B$18:$G$21,6,FALSE),"") -> 20
B41: 1 | C41: =C40-INDEX($C$32:$F$35, MATCH(C$38,$B$32:$B$35,0), MATCH(D$38,$C$31:$F$31,0)) -> 11 | D41: =D40-INDEX($C$27:$F$30, MATCH(D$38,$B$27:$B$30,0), MATCH(C$38,$C$26:$F$26,0)) -> 14 | E41: 1 | F41: =F40-INDEX($C$32:$F$35, MATCH($F$38,$B$32:$B$35,0), MATCH($G$38,$C$31:$F$31,0)) -> 8 | G41: =G40-INDEX($C$27:$F$30, MATCH($G$38,$B$27:$B$30,0), MATCH($F$38,$C$26:$F$26,0)) -> 11 | H41: 1 | I41: =I40-INDEX($C$32:$F$35, MATCH($I$38,$B$32:$B$35,0), MATCH($J$38,$C$31:$F$31,0)) -> 4 | J41: =J40-INDEX($C$27:$F$30, MATCH($J$38,$B$27:$B$30,0), MATCH($I$38,$C$26:$F$26,0)) -> 7 | K41: 1 | L41: =L40-INDEX($C$32:$F$35, MATCH($L$38,$B$32:$B$35,0), MATCH($M$38,$C$31:$F$31,0)) -> 6 | M41: =M40-INDEX($C$27:$F$30, MATCH($M$38,$B$27:$B$30,0), MATCH($L$38,$C$26:$F$26,0)) -> 18
B42: 2 | C42: =C41-INDEX($C$32:$F$35, MATCH($C$38,$B$32:$B$35,0), MATCH($D$38,$C$31:$F$31,0)) -> 8 | D42: =D41-INDEX($C$27:$F$30, MATCH($D$38,$B$27:$B$30,0), MATCH($C$38,$C$26:$F$26,0)) -> 8 | E42: 2 | F42: =F41-INDEX($C$32:$F$35, MATCH($F$38,$B$32:$B$35,0), MATCH($G$38,$C$31:$F$31,0)) -> 4 | G42: =G41-INDEX($C$27:$F$30, MATCH($G$38,$B$27:$B$30,0), MATCH($F$38,$C$26:$F$26,0)) -> 2 | H42: 2 | I42: =I41-INDEX($C$32:$F$35, MATCH($I$38,$B$32:$B$35,0), MATCH($J$38,$C$31:$F$31,0)) -> -2 | J42: =J41-INDEX($C$27:$F$30, MATCH($J$38,$B$27:$B$30,0), MATCH($I$38,$C$26:$F$26,0)) -> -6 | K42: 2 | L42: =L41-INDEX($C$32:$F$35, MATCH($L$38,$B$32:$B$35,0), MATCH($M$38,$C$31:$F$31,0)) -> 1 | M42: =M41-INDEX($C$27:$F$30, MATCH($M$38,$B$27:$B$30,0), MATCH($L$38,$C$26:$F$26,0)) -> 16
B43: 3 | C43: =C42-INDEX($C$32:$F$35, MATCH($C$38,$B$32:$B$35,0), MATCH($D$38,$C$31:$F$31,0)) -> 5 | D43: =D42-INDEX($C$27:$F$30, MATCH($D$38,$B$27:$B$30,0), MATCH($C$38,$C$26:$F$26,0)) -> 2 | E43: 3 | F43: =F42-INDEX($C$32:$F$35, MATCH($F$38,$B$32:$B$35,0), MATCH($G$38,$C$31:$F$31,0)) -> 0 | G43: =G42-INDEX($C$27:$F$30, MATCH($G$38,$B$27:$B$30,0), MATCH($F$38,$C$26:$F$26,0)) -> -7 | H43: 3 | I43: =I42-INDEX($C$32:$F$35, MATCH($I$38,$B$32:$B$35,0), MATCH($J$38,$C$31:$F$31,0)) -> -8 | J43: =J42-INDEX($C$27:$F$30, MATCH($J$38,$B$27:$B$30,0), MATCH($I$38,$C$26:$F$26,0)) -> -19 | K43: 3 | L43: =L42-INDEX($C$32:$F$35, MATCH($L$38,$B$32:$B$35,0), MATCH($M$38,$C$31:$F$31,0)) -> -4 | M43: =M42-INDEX($C$27:$F$30, MATCH($M$38,$B$27:$B$30,0), MATCH($L$38,$C$26:$F$26,0)) -> 14
B44: 4 | C44: =C43-INDEX($C$32:$F$35, MATCH($C$38,$B$32:$B$35,0), MATCH($D$38,$C$31:$F$31,0)) -> 2 | D44: =D43-INDEX($C$27:$F$30, MATCH($D$38,$B$27:$B$30,0), MATCH($C$38,$C$26:$F$26,0)) -> -4 | E44: 4 | F44: =F43-INDEX($C$32:$F$35, MATCH($F$38,$B$32:$B$35,0), MATCH($G$38,$C$31:$F$31,0)) -> -4 | G44: =G43-INDEX($C$27:$F$30, MATCH($G$38,$B$27:$B$30,0), MATCH($F$38,$C$26:$F$26,0)) -> -16 | H44: 4 | I44: =I43-INDEX($C$32:$F$35, MATCH($I$38,$B$32:$B$35,0), MATCH($J$38,$C$31:$F$31,0)) -> -14 | J44: =J43-INDEX($C$27:$F$30, MATCH($J$38,$B$27:$B$30,0), MATCH($I$38,$C$26:$F$26,0)) -> -32 | K44: 4 | L44: =L43-INDEX($C$32:$F$35, MATCH($L$38,$B$32:$B$35,0), MATCH($M$38,$C$31:$F$31,0)) -> -9 | M44: =M43-INDEX($C$27:$F$30, MATCH($M$38,$B$27:$B$30,0), MATCH($L$38,$C$26:$F$26,0)) -> 12
B45: 5 | C45: =C44-INDEX($C$32:$F$35, MATCH($C$38,$B$32:$B$35,0), MATCH($D$38,$C$31:$F$31,0)) -> -1 | D45: =D44-INDEX($C$27:$F$30, MATCH($D$38,$B$27:$B$30,0), MATCH($C$38,$C$26:$F$26,0)) -> -10 | E45: 5 | F45: =F44-INDEX($C$32:$F$35, MATCH($F$38,$B$32:$B$35,0), MATCH($G$38,$C$31:$F$31,0)) -> -8 | G45: =G44-INDEX($C$27:$F$30, MATCH($G$38,$B$27:$B$30,0), MATCH($F$38,$C$26:$F$26,0)) -> -25 | H45: 5 | I45: =I44-INDEX($C$32:$F$35, MATCH($I$38,$B$32:$B$35,0), MATCH($J$38,$C$31:$F$31,0)) -> -20 | J45: =J44-INDEX($C$27:$F$30, MATCH($J$38,$B$27:$B$30,0), MATCH($I$38,$C$26:$F$26,0)) -> -45 | K45: 5 | L45: =L44-INDEX($C$32:$F$35, MATCH($L$38,$B$32:$B$35,0), MATCH($M$38,$C$31:$F$31,0)) -> -14 | M45: =M44-INDEX($C$27:$F$30, MATCH($M$38,$B$27:$B$30,0), MATCH($L$38,$C$26:$F$26,0)) -> 10
B46: 6 | C46: =C45-INDEX($C$32:$F$35, MATCH($C$38,$B$32:$B$35,0), MATCH($D$38,$C$31:$F$31,0)) -> -4 | D46: =D45-INDEX($C$27:$F$30, MATCH($D$38,$B$27:$B$30,0), MATCH($C$38,$C$26:$F$26,0)) -> -16 | E46: 6 | F46: =F45-INDEX($C$32:$F$35, MATCH($F$38,$B$32:$B$35,0), MATCH($G$38,$C$31:$F$31,0)) -> -12 | G46: =G45-INDEX($C$27:$F$30, MATCH($G$38,$B$27:$B$30,0), MATCH($F$38,$C$26:$F$26,0)) -> -34 | H46: 6 | I46: =I45-INDEX($C$32:$F$35, MATCH($I$38,$B$32:$B$35,0), MATCH($J$38,$C$31:$F$31,0)) -> -26 | J46: =J45-INDEX($C$27:$F$30, MATCH($J$38,$B$27:$B$30,0), MATCH($I$38,$C$26:$F$26,0)) -> -58 | K46: 6 | L46: =L45-INDEX($C$32:$F$35, MATCH($L$38,$B$32:$B$35,0), MATCH($M$38,$C$31:$F$31,0)) -> -19 | M46: =M45-INDEX($C$27:$F$30, MATCH($M$38,$B$27:$B$30,0), MATCH($L$38,$C$26:$F$26,0)) -> 8
B47: 7 | C47: =C46-INDEX($C$32:$F$35, MATCH($C$38,$B$32:$B$35,0), MATCH($D$38,$C$31:$F$31,0)) -> -7 | D47: =D46-INDEX($C$27:$F$30, MATCH($D$38,$B$27:$B$30,0), MATCH($C$38,$C$26:$F$26,0)) -> -22 | E47: 7 | F47: =F46-INDEX($C$32:$F$35, MATCH($F$38,$B$32:$B$35,0), MATCH($G$38,$C$31:$F$31,0)) -> -16 | G47: =G46-INDEX($C$27:$F$30, MATCH($G$38,$B$27:$B$30,0), MATCH($F$38,$C$26:$F$26,0)) -> -43 | H47: 7 | I47: =I46-INDEX($C$32:$F$35, MATCH($I$38,$B$32:$B$35,0), MATCH($J$38,$C$31:$F$31,0)) -> -32 | J47: =J46-INDEX($C$27:$F$30, MATCH($J$38,$B$27:$B$30,0), MATCH($I$38,$C$26:$F$26,0)) -> -71 | K47: 7 | L47: =L46-INDEX($C$32:$F$35, MATCH($L$38,$B$32:$B$35,0), MATCH($M$38,$C$31:$F$31,0)) -> -24 | M47: =M46-INDEX($C$27:$F$30, MATCH($M$38,$B$27:$B$30,0), MATCH($L$38,$C$26:$F$26,0)) -> 6
B48: 8 | C48: =C47-INDEX($C$32:$F$35, MATCH($C$38,$B$32:$B$35,0), MATCH($D$38,$C$31:$F$31,0)) -> -10 | D48: =D47-INDEX($C$27:$F$30, MATCH($D$38,$B$27:$B$30,0), MATCH($C$38,$C$26:$F$26,0)) -> -28 | E48: 8 | F48: =F47-INDEX($C$32:$F$35, MATCH($F$38,$B$32:$B$35,0), MATCH($G$38,$C$31:$F$31,0)) -> -20 | G48: =G47-INDEX($C$27:$F$30, MATCH($G$38,$B$27:$B$30,0), MATCH($F$38,$C$26:$F$26,0)) -> -52 | H48: 8 | I48: =I47-INDEX($C$32:$F$35, MATCH($I$38,$B$32:$B$35,0), MATCH($J$38,$C$31:$F$31,0)) -> -38 | J48: =J47-INDEX($C$27:$F$30, MATCH($J$38,$B$27:$B$30,0), MATCH($I$38,$C$26:$F$26,0)) -> -84 | K48: 8 | L48: =L47-INDEX($C$32:$F$35, MATCH($L$38,$B$32:$B$35,0), MATCH($M$38,$C$31:$F$31,0)) -> -29 | M48: =M47-INDEX($C$27:$F$30, MATCH($M$38,$B$27:$B$30,0), MATCH($L$38,$C$26:$F$26,0)) -> 4
B49: 사망 예상 턴 | C49: =COUNTIF(C40:C48,">0") -> 5 | D49: =COUNTIF(D40:D48,">0") -> 4 | E49: 사망 예상 턴 | F49: =COUNTIF(F40:F48,">0") -> 3 | G49: =COUNTIF(G40:G48,">0") -> 3 | H49: 사망 예상 턴 | I49: =COUNTIF(I40:I48,">0") -> 2 | J49: =COUNTIF(J40:J48,">0") -> 2 | K49: 사망 예상 턴 | L49: =COUNTIF(L40:L48,">0") -> 3 | M49: =COUNTIF(M40:M48,">0") -> 9
B50: 승패 여부 판정 | C50: =IF(C49>=D49,"승","패") -> 승 | D50: =IF(C49>=D49,"패","승") -> 패 | E50: 승패 여부 판정 | F50: =IF(F49>=G49,"승","패") -> 승 | G50: =IF(F49>=G49,"패","승") -> 패 | H50: 승패 여부 판정 | I50: =IF(I49>=J49,"승","패") -> 승 | J50: =IF(I49>=J49,"패","승") -> 패 | K50: 승패 여부 판정 | L50: =IF(L49>=M49,"승","패") -> 패 | M50: =IF(L49>=M49,"패","승") -> 승
B51: 전투 종료 턴 | C51: =IF(C50="승",D49,"") -> 4 | D51: =IF(D50="승",C49,"") | E51: 전투 종료 턴 | F51: =IF(F50="승",G49,"") -> 3 | G51: =IF(G50="승",F49,"") | H51: 전투 종료 턴 | I51: =IF(I50="승",J49,"") -> 2 | J51: =IF(J50="승",I49,"") | K51: 전투 종료 턴 | L51: =IF(L50="승",M49,"") | M51: =IF(M50="승",L49,"") -> 3
B52: 전투 종료 시 남은 체력 | C52: =IF(C50="승", C40-INDEX($C$32:$F$35, MATCH(C$38,$B$32:$B$35,0), MATCH(D$38,$C$31:$F$31,0))*(D49-1), 0 ) -> 5 | D52: =IF(D50="승", D40-INDEX($C$27:$F$30, MATCH(D$38,$B$27:$B$30,0), MATCH(C$38,$C$26:$F$26,0))*(C49-1), 0 ) -> 0 | E52: 전투 종료 시 남은 체력 | F52: =IF(F50="승", F40-INDEX($C$32:$F$35, MATCH(F$38,$B$32:$B$35,0), MATCH(G$38,$C$31:$F$31,0))*(G49-1), 0 ) -> 4 | G52: =IF(G50="승", G40-INDEX($C$27:$F$30, MATCH(G$38,$B$27:$B$30,0), MATCH(F$38,$C$26:$F$26,0))*(F49-1), 0 ) -> 0 | H52: 전투 종료 시 남은 체력 | I52: =IF(I50="승", I40-INDEX($C$32:$F$35, MATCH(I$38,$B$32:$B$35,0), MATCH(J$38,$C$31:$F$31,0))*(J49-1), 0 ) -> 4 | J52: =IF(J50="승", J40-INDEX($C$27:$F$30, MATCH(J$38,$B$27:$B$30,0), MATCH(I$38,$C$26:$F$26,0))*(I49-1), 0 ) -> 0 | K52: 전투 종료 시 남은 체력 | L52: =IF(L50="승", L40-INDEX($C$32:$F$35, MATCH(L$38,$B$32:$B$35,0), MATCH(M$38,$C$31:$F$31,0))*(M49-1), 0 ) -> 0 | M52: =IF(M50="승", M40-INDEX($C$27:$F$30, MATCH(M$38,$B$27:$B$30,0), MATCH(L$38,$C$26:$F$26,0))*(L49-1), 0 ) -> 16
A54: 4. 소요 턴
B55: Lv1 히어로 vs 하급 빌런 4 | C55: 2~3턴
B72: Lv3 히어로 vs 중급 빌런 4 | C72: 2~4턴
B89: Lv6 히어로 vs 상급 빌런 4 | C89: 2~5턴
A107: 5. 자동 전투 시뮬레이터
C108: 현재 체력 합계 | D108: 공격력 합계 | E108: 방어력 합계 | F108: 현재 IP 합계 | G108: 기본 대미지
B109: 아군 | C109: =SUM(G14:G17) -> 47 | D109: =SUM(H14:H17) -> 77 | E109: =SUM(I14:I17) -> 30 | F109: =SUM(F14:F17) -> 400 | G109: =MAX(ROUND((D109-E110)*(F109/400),0),B113) -> 29
B110: 적군 | C110: =SUM(G18:G21) -> 80 | D110: =SUM(H18:H21) -> 48 | E110: =SUM(I18:I21) -> 48 | G110: =MAX(ROUND(D110-E109,0),B113) -> 18
B112: 기본 대미지 최소치
B113: 12 | C113: 히어로 파티 | D113: 빌런 파티
B114: 원래 체력 | C114: =C109 -> 47 | D114: =C110 -> 80
B115: 1 | C115: =C114-$G$110 -> 29 | D115: =D114-$G$109 -> 51
B116: 2 | C116: =C115-$G$110 -> 11 | D116: =D115-$G$109 -> 22
B117: 3 | C117: =C116-$G$110 -> -7 | D117: =D116-$G$109 -> -7
B118: 4 | C118: =C117-$G$110 -> -25 | D118: =D117-$G$109 -> -36
B119: 5 | C119: =C118-$G$110 -> -43 | D119: =D118-$G$109 -> -65
B120: 6 | C120: =C119-$G$110 -> -61 | D120: =D119-$G$109 -> -94
B121: 사망 예상 턴 | C121: =COUNTIF(C114:C120,">0") -> 3 | D121: =COUNTIF(D114:D120,">0") -> 3
B122: 승패 여부 판정 | C122: =IF(C121>=D121,"승","패") -> 승 | D122: =IF(C121>=D121,"패","승") -> 패
B123: 전투 종료 턴 | C123: =IF(C122="승",D121,"") -> 3 | D123: =IF(D122="승",C121,"")
B124: 전투 종료 시 남은 체력 | C124: =IF(C122="승",C114-G110*(D121-1), 0) -> 11 | D124: =IF(D122="승", D115-G109*(C121-1), 0 ) -> 0
B146: Lv1 히어로 vs 하급 빌런 4 | E146: 자동 공식
B147: 1:1 대응 | C147: 히어로 파티 | D147: 승
C148: 남은 체력 합계 | E148: 남은 체력 합계
C149: =SUM(4,2,3,2) -> 11 | E149: 10 | G149: =E149/C149 -> 0.90909091
B151: Lv3 히어로 vs 중급 빌런 4 | C151: 히어로 파티 | D151: 승
C152: 남은 체력 합계 | E152: 남은 체력 합계
C153: 17 | E153: 18 | G153: =E153/C153 -> 1.0588235
B155: Lv6 히어로 vs 상급 빌런 4 | C155: 히어로 파티 | E155: 남은 체력 합계
C156: 남은 체력 합계 | E156: 13 | G156: =E156/C157 -> 0.65
C157: 20

Sheet 자동 결과 공식
A2: 5. 자동 전투 결과 공식
B3: STEP 01. 승패 판정
B4: 이하 두 가지 요소를 비교하여 승패 판정 A. 히어로 승리 지수 = 히어로 파티 기본 대미지 / 빌런 파티 현재 체력 합계 B. 빌런 승리 지수 = 빌런 파티 기본 대미지 / 히어로 파티 현재 체력 합계 히어로 파티 기본 대미지 = (히어로 파티 공격력 합계 - 빌런 파티 방어력 합계) × (히어로 파티 IP 합계 / 400) (최소치 12, 소수점은 반올림) 빌런 파티 기본 대미지 = (빌런 파티 공격력 합계 - 히어로 파티 방어력 합계) (최소치 12, 소수점은 반올림)
B6: (1) A (히어로 승리 지수) > B (빌런 승리 지수) (5% 초과)인 경우 → 히어로 파티 승리 (2) A (히어로 승리 지수) < B (빌런 승리 지수) (5% 초과)인 경우 → 빌런 파티 승리 (3) A (히어로 승리 지수) = B (빌런 승리 지수) 또는 차이가 5% 이하(접전 범위)로 차이나는 경우 → 50% 확률 랜덤 승패 판정
B8: 예시)
C9: 유닛명 | D9: 유닛 레벨 | E9: 현재 IP | F9: 최종 체력 | G9: 최종 공격력 | H9: 최종 방어력 | I9: 기본 대미지
B10: Hero 01 | C10: 저스티스 | D10: 1 | E10: 100 | F10: 6 | G10: 10 | H10: 5
B11: Hero 02 | C11: 루미나 | D11: 1 | E11: 100 | F11: 4 | G11: 13 | H11: 4
B12: Hero 03 | C12: 블랙 불릿 | D12: 1 | E12: 100 | F12: 6 | G12: 13 | H12: 2
B13: Hero 04 | C13: 네코밍 | D13: 1 | E13: 100 | F13: 6 | G13: 9 | H13: 6
C14: 합계 | E14: =SUM(E10:E13) -> 400 | F14: =SUM(F10:F13) -> 22 | G14: =SUM(G10:G13) -> 45 | H14: =SUM(H10:H13) -> 17 | I14: =MAX(ROUND((G14-H19)*E14/400,0),12) -> 25
B15: Enemy 01 | C15: LowerVillian | F15: 10 | G15: 5 | H15: 5
B16: Enemy 02 | C16: LowerVillian | F16: 10 | G16: 5 | H16: 5
B17: Enemy 03 | C17: LowerVillian | F17: 10 | G17: 5 | H17: 5
B18: Enemy 04 | C18: LowerVillian | F18: 10 | G18: 5 | H18: 5
C19: 합계 | F19: =SUM(F15:F18) -> 40 | G19: =SUM(G15:G18) -> 20 | H19: =SUM(H15:H18) -> 20 | I19: =MAX(ROUND(G19-H14,0),12) -> 12
B21: (1) A (히어로 승리 지수) = 25 / 40 = 약 63% (2) B (빌런 승리 지수) = 12 / 22 = 약 55% ∴ A > B (약 8% 초과) → 히어로 파티 승리 (난이도 표시창에 '우세' 표시)
C23: 유닛명 | D23: 유닛 레벨 | E23: 현재 IP | F23: 최종 체력 | G23: 최종 공격력 | H23: 최종 방어력 | I23: 기본 대미지
B24: Hero 01 | C24: 저스티스 | D24: 3 | E24: 100 | F24: 14 | G24: 18 | H24: 9
B25: Hero 02 | C25: 루미나 | D25: 3 | E25: 100 | F25: 12 | G25: 21 | H25: 8
B26: Hero 03 | C26: 블랙 불릿 | D26: 3 | E26: 100 | F26: 10 | G26: 25 | H26: 6
B27: Hero 04 | C27: 네코밍 | D27: 2 | E27: 100 | F27: 11 | G27: 13 | H27: 7
C28: 합계 | E28: =SUM(E24:E27) -> 400 | F28: =SUM(F24:F27) -> 47 | G28: =SUM(G24:G27) -> 77 | H28: =SUM(H24:H27) -> 30 | I28: =MAX(ROUND((G28-H33)*E28/400,0),12) -> 29
B29: Enemy 01 | C29: MiddleVillian | F29: =IFERROR(VLOOKUP($C29,'적군 유닛'!$C$6:$K$8,COLUMN(A11)+2,FALSE),"") -> 20 | G29: =IFERROR(VLOOKUP($C29,'적군 유닛'!$C$6:$K$8,COLUMN(B11)+2,FALSE),"") -> 12 | H29: =IFERROR(VLOOKUP($C29,'적군 유닛'!$C$6:$K$8,COLUMN(C11)+2,FALSE),"") -> 12
B30: Enemy 02 | C30: MiddleVillian | F30: =IFERROR(VLOOKUP($C30,'적군 유닛'!$C$6:$K$8,COLUMN(A12)+2,FALSE),"") -> 20 | G30: =IFERROR(VLOOKUP($C30,'적군 유닛'!$C$6:$K$8,COLUMN(B12)+2,FALSE),"") -> 12 | H30: =IFERROR(VLOOKUP($C30,'적군 유닛'!$C$6:$K$8,COLUMN(C12)+2,FALSE),"") -> 12
B31: Enemy 03 | C31: MiddleVillian | F31: =IFERROR(VLOOKUP($C31,'적군 유닛'!$C$6:$K$8,COLUMN(A13)+2,FALSE),"") -> 20 | G31: =IFERROR(VLOOKUP($C31,'적군 유닛'!$C$6:$K$8,COLUMN(B13)+2,FALSE),"") -> 12 | H31: =IFERROR(VLOOKUP($C31,'적군 유닛'!$C$6:$K$8,COLUMN(C13)+2,FALSE),"") -> 12
B32: Enemy 04 | C32: MiddleVillian | F32: =IFERROR(VLOOKUP($C32,'적군 유닛'!$C$6:$K$8,COLUMN(A14)+2,FALSE),"") -> 20 | G32: =IFERROR(VLOOKUP($C32,'적군 유닛'!$C$6:$K$8,COLUMN(B14)+2,FALSE),"") -> 12 | H32: =IFERROR(VLOOKUP($C32,'적군 유닛'!$C$6:$K$8,COLUMN(C14)+2,FALSE),"") -> 12
C33: 합계 | F33: =SUM(F29:F32) -> 80 | G33: =SUM(G29:G32) -> 48 | H33: =SUM(H29:H32) -> 48 | I33: =MAX(ROUND(G33-H28,0),12) -> 18
B35: (1) A (히어로 승리 지수) = 29 / 80 = 약 36% (2) B (빌런 승리 지수) = 18 / 47 = 약 38% ∴ A, B 차이가 5% 이하 → 히어로 파티 50% 승리 / 빌런 파티 50% 승리 (난이도 표시창에 '접전' 표시)
C37: 유닛명 | D37: 유닛 레벨 | E37: 현재 IP | F37: 최종 체력 | G37: 최종 공격력 | H37: 최종 방어력 | I37: 기본 대미지
B38: Hero 01 | C38: 저스티스 | D38: 2 | E38: 100 | F38: 10 | G38: 14 | H38: 7
B39: Hero 02 | C39: 루미나 | D39: 2 | E39: 100 | F39: 8 | G39: 17 | H39: 6
B40: Hero 03 | C40: 블랙 불릿 | D40: 2 | E40: 100 | F40: 8 | G40: 19 | H40: 4
B41: Hero 04 | C41: 네코밍 | D41: 2 | E41: 100 | F41: 11 | G41: 13 | H41: 7
C42: 합계 | E42: =SUM(E38:E41) -> 400 | F42: =SUM(F38:F41) -> 37 | G42: =SUM(G38:G41) -> 63 | H42: =SUM(H38:H41) -> 24 | I42: =MAX(ROUND((G42-H47)*E42/400,0),12) -> 15
B43: Enemy 01 | C43: MiddleVillian | F43: =IFERROR(VLOOKUP($C43,'적군 유닛'!$C$6:$K$8,COLUMN(A25)+2,FALSE),"") -> 20 | G43: =IFERROR(VLOOKUP($C43,'적군 유닛'!$C$6:$K$8,COLUMN(B25)+2,FALSE),"") -> 12 | H43: =IFERROR(VLOOKUP($C43,'적군 유닛'!$C$6:$K$8,COLUMN(C25)+2,FALSE),"") -> 12
B44: Enemy 02 | C44: MiddleVillian | F44: =IFERROR(VLOOKUP($C44,'적군 유닛'!$C$6:$K$8,COLUMN(A26)+2,FALSE),"") -> 20 | G44: =IFERROR(VLOOKUP($C44,'적군 유닛'!$C$6:$K$8,COLUMN(B26)+2,FALSE),"") -> 12 | H44: =IFERROR(VLOOKUP($C44,'적군 유닛'!$C$6:$K$8,COLUMN(C26)+2,FALSE),"") -> 12
B45: Enemy 03 | C45: MiddleVillian | F45: =IFERROR(VLOOKUP($C45,'적군 유닛'!$C$6:$K$8,COLUMN(A27)+2,FALSE),"") -> 20 | G45: =IFERROR(VLOOKUP($C45,'적군 유닛'!$C$6:$K$8,COLUMN(B27)+2,FALSE),"") -> 12 | H45: =IFERROR(VLOOKUP($C45,'적군 유닛'!$C$6:$K$8,COLUMN(C27)+2,FALSE),"") -> 12
B46: Enemy 04 | C46: MiddleVillian | F46: =IFERROR(VLOOKUP($C46,'적군 유닛'!$C$6:$K$8,COLUMN(A28)+2,FALSE),"") -> 20 | G46: =IFERROR(VLOOKUP($C46,'적군 유닛'!$C$6:$K$8,COLUMN(B28)+2,FALSE),"") -> 12 | H46: =IFERROR(VLOOKUP($C46,'적군 유닛'!$C$6:$K$8,COLUMN(C28)+2,FALSE),"") -> 12
C47: 합계 | F47: =SUM(F43:F46) -> 80 | G47: =SUM(G43:G46) -> 48 | H47: =SUM(H43:H46) -> 48 | I47: =MAX(ROUND(G47-H42,0),12) -> 24
B49: (1) A (히어로 승리 지수) = 15 / 80 = 약 19% (2) B (빌런 승리 지수) = 24 / 37 = 약 65% ∴ A < B (약 46% 초과) → 빌런 파티 승리 (난이도 표시창에 '열세' 표시)
B52: STEP 02. 전투 후 남은 체력 계산
B54: 전투 종료 후, 승리한 히어로/빌런 파티의 남은 HP는 파티의 남은 HP 합계를 계산 후 각 유닛의 원래 HP 비율대로 분배한다. (1) 원래 HP 비율 공식 = 유닛 개별 체력 공식 ÷ 파티 전체 체력 (소수점 이하 나머지가 있을 시, 반올림 후 HP가 가장 낮은 유닛 하나에 분배하여 100%화, HP가 가장 낮은 유닛이 여럿 있을 경우 랜덤 선택) (2) 접전이 아닌 경우, 남은 HP 공식 {승리 측 원래 HP 합계 - (패배 측 기본 대미지 × 걸린 턴 수)} × 80% (소수점 반올림, 최소값 4) 걸린 턴 수 = 패배 측 원래 HP 합계 ÷ 승리 측 기본 대미지 (소수점 버림) (3) 접전으로 랜덤 승리한 경우, 남은 HP 공식 승리 측 원래 HP 합계 - {(패배 측 기본 대미지 × 걸린 턴 수)} (소수점 반올림, 최소값 4) 걸린 턴 수 = 패배 측 원래 HP 합계 ÷ 승리 측 기본 대미지 (소수점 버림)
B56: 예시)
C57: 유닛명 | D57: 유닛 레벨 | E57: 현재 IP | F57: 최종 체력 | G57: 최종 공격력 | H57: 최종 방어력 | I57: 기본 대미지
B58: Hero 01 | C58: 저스티스 | D58: 1 | E58: 100 | F58: 6 | G58: 10 | H58: 5
B59: Hero 02 | C59: 루미나 | D59: 1 | E59: 100 | F59: 4 | G59: 13 | H59: 4
B60: Hero 03 | C60: 블랙 불릿 | D60: 1 | E60: 100 | F60: 6 | G60: 13 | H60: 2
B61: Hero 04 | C61: 네코밍 | D61: 1 | E61: 100 | F61: 6 | G61: 9 | H61: 6
C62: 합계 | E62: =SUM(E58:E61) -> 400 | F62: =SUM(F58:F61) -> 22 | G62: =SUM(G58:G61) -> 45 | H62: =SUM(H58:H61) -> 17 | I62: =MAX(ROUND((G62-H67)*E62/400,0),12) -> 25
B63: Enemy 01 | C63: LowerVillian | F63: 10 | G63: 5 | H63: 5
B64: Enemy 02 | C64: LowerVillian | F64: 10 | G64: 5 | H64: 5
B65: Enemy 03 | C65: LowerVillian | F65: 10 | G65: 5 | H65: 5
B66: Enemy 04 | C66: LowerVillian | F66: 10 | G66: 5 | H66: 5
C67: 합계 | F67: =SUM(F63:F66) -> 40 | G67: =SUM(G63:G66) -> 20 | H67: =SUM(H63:H66) -> 20 | I67: =MAX(ROUND(G67-H62,0),12) -> 12
B69: (1) 승리 측: 히어로 / 패배 측: 빌런 (2) 히어로 원래 HP 비율 = 저스티스 (27%) : 루미나 (18% → 19%) : 블랙 불릿 (27%), 네코밍 (27%) (3) 걸린 턴 수 = 패배 측 원래 HP 합계 ÷ 승리 측 기본 대미지 (소수점 버림) = 40 ÷ 25 = 1.6 ≒ 1 (4) 남은 HP 합계 공식 = {승리 측 원래 HP 합계 - (패배 측 기본 대미지 × 걸린 턴 수)} × 80% (소수점 반올림) = {22 - (12 × 1)} × 80% = 10 × 80% = 8 (5) 남은 HP 분배 = 저스티스 (27% = 2.16 → 2) : 루미나 (19% = 1.52 → 1 → 2) : 블랙 불릿 (27% = 2.16 → 2) : 네코밍 (27% = 2.16 → 2)
C71: 유닛명 | D71: 유닛 레벨 | E71: 현재 IP | F71: 최종 체력 | G71: 최종 공격력 | H71: 최종 방어력 | I71: 기본 대미지
B72: Hero 01 | C72: 저스티스 | D72: 3 | E72: 100 | F72: 14 | G72: 18 | H72: 9
B73: Hero 02 | C73: 루미나 | D73: 3 | E73: 100 | F73: 12 | G73: 21 | H73: 8
B74: Hero 03 | C74: 블랙 불릿 | D74: 3 | E74: 100 | F74: 10 | G74: 25 | H74: 6
B75: Hero 04 | C75: 네코밍 | D75: 2 | E75: 100 | F75: 11 | G75: 13 | H75: 7
C76: 합계 | E76: =SUM(E72:E75) -> 400 | F76: =SUM(F72:F75) -> 47 | G76: =SUM(G72:G75) -> 77 | H76: =SUM(H72:H75) -> 30 | I76: =MAX(ROUND((G76-H81)*E76/400,0),12) -> 29
B77: Enemy 01 | C77: MiddleVillian | F77: =IFERROR(VLOOKUP($C77,'적군 유닛'!$C$6:$K$8,COLUMN(A59)+2,FALSE),"") -> 20 | G77: =IFERROR(VLOOKUP($C77,'적군 유닛'!$C$6:$K$8,COLUMN(B59)+2,FALSE),"") -> 12 | H77: =IFERROR(VLOOKUP($C77,'적군 유닛'!$C$6:$K$8,COLUMN(C59)+2,FALSE),"") -> 12
B78: Enemy 02 | C78: MiddleVillian | F78: =IFERROR(VLOOKUP($C78,'적군 유닛'!$C$6:$K$8,COLUMN(A60)+2,FALSE),"") -> 20 | G78: =IFERROR(VLOOKUP($C78,'적군 유닛'!$C$6:$K$8,COLUMN(B60)+2,FALSE),"") -> 12 | H78: =IFERROR(VLOOKUP($C78,'적군 유닛'!$C$6:$K$8,COLUMN(C60)+2,FALSE),"") -> 12
B79: Enemy 03 | C79: MiddleVillian | F79: =IFERROR(VLOOKUP($C79,'적군 유닛'!$C$6:$K$8,COLUMN(A61)+2,FALSE),"") -> 20 | G79: =IFERROR(VLOOKUP($C79,'적군 유닛'!$C$6:$K$8,COLUMN(B61)+2,FALSE),"") -> 12 | H79: =IFERROR(VLOOKUP($C79,'적군 유닛'!$C$6:$K$8,COLUMN(C61)+2,FALSE),"") -> 12
B80: Enemy 04 | C80: MiddleVillian | F80: =IFERROR(VLOOKUP($C80,'적군 유닛'!$C$6:$K$8,COLUMN(A62)+2,FALSE),"") -> 20 | G80: =IFERROR(VLOOKUP($C80,'적군 유닛'!$C$6:$K$8,COLUMN(B62)+2,FALSE),"") -> 12 | H80: =IFERROR(VLOOKUP($C80,'적군 유닛'!$C$6:$K$8,COLUMN(C62)+2,FALSE),"") -> 12
C81: 합계 | F81: =SUM(F77:F80) -> 80 | G81: =SUM(G77:G80) -> 48 | H81: =SUM(H77:H80) -> 48 | I81: =MAX(ROUND(G81-H76,0),12) -> 18
B83: * 히어로가 승리한 경우 (1) 승리 측: 히어로 / 패배 측: 빌런 (2) 히어로 원래 HP 비율 = 저스티스 (30%) : 루미나 (26%) : 블랙 불릿 (21%), 네코밍 (23%) (3) 걸린 턴 수 = 패배 측 원래 HP 합계 ÷ 승리 측 기본 대미지 (소수점 버림) = 80 ÷ 29 = 2.758 ≒ 2 (4) 남은 HP 합계 공식 = 승리 측 원래 HP 합계 - (패배 측 기본 대미지 × 걸린 턴 수) (소수점 반올림) = 47 - (18 × 2) = 47 - 36 = 11 (5) 남은 HP 분배 = 저스티스 (30% = 3.27 → 3) : 루미나 (26% = 2.8 → 3) : 블랙 불릿 (21% = 2.34 → 2), 네코밍 (23% = 2.57 → 3)
B85: * 빌런이 승리한 경우 (1) 승리 측: 빌런 / 패배 측: 히어로 (2) 빌런 원래 HP 비율 = Enemy01 (25%) : Enemy02 (25%) : Enemy03 (25%) : Enemy04 (25%) (3) 걸린 턴 수 = 패배 측 원래 HP 합계 ÷ 승리 측 기본 대미지 (소수점 버림) = 47 ÷ 18 = 2.6 ≒ 2 (4) 남은 HP 합계 공식 = 승리 측 원래 HP 합계 - (패배 측 기본 대미지 × 걸린 턴 수) (소수점 반올림) = 80 - (29 × 2) = 44 (5) 남은 HP 분배 = Enemy01 (25% = 11) : Enemy02 (25% = 11) : Enemy03 (25% = 11) : Enemy04 (25% = 11)
C87: 유닛명 | D87: 유닛 레벨 | E87: 현재 IP | F87: 최종 체력 | G87: 최종 공격력 | H87: 최종 방어력 | I87: 기본 대미지
B88: Hero 01 | C88: 저스티스 | D88: 2 | E88: 100 | F88: 10 | G88: 14 | H88: 7
B89: Hero 02 | C89: 루미나 | D89: 2 | E89: 100 | F89: 8 | G89: 17 | H89: 6
B90: Hero 03 | C90: 블랙 불릿 | D90: 2 | E90: 100 | F90: 8 | G90: 19 | H90: 4
B91: Hero 04 | C91: 네코밍 | D91: 2 | E91: 100 | F91: 11 | G91: 13 | H91: 7
C92: 합계 | E92: =SUM(E88:E91) -> 400 | F92: =SUM(F88:F91) -> 37 | G92: =SUM(G88:G91) -> 63 | H92: =SUM(H88:H91) -> 24 | I92: =MAX(ROUND((G92-H97)*E92/400,0),12) -> 15
B93: Enemy 01 | C93: MiddleVillian | F93: =IFERROR(VLOOKUP($C93,'적군 유닛'!$C$6:$K$8,COLUMN(A73)+2,FALSE),"") -> 20 | G93: =IFERROR(VLOOKUP($C93,'적군 유닛'!$C$6:$K$8,COLUMN(B73)+2,FALSE),"") -> 12 | H93: =IFERROR(VLOOKUP($C93,'적군 유닛'!$C$6:$K$8,COLUMN(C73)+2,FALSE),"") -> 12
B94: Enemy 02 | C94: MiddleVillian | F94: =IFERROR(VLOOKUP($C94,'적군 유닛'!$C$6:$K$8,COLUMN(A74)+2,FALSE),"") -> 20 | G94: =IFERROR(VLOOKUP($C94,'적군 유닛'!$C$6:$K$8,COLUMN(B74)+2,FALSE),"") -> 12 | H94: =IFERROR(VLOOKUP($C94,'적군 유닛'!$C$6:$K$8,COLUMN(C74)+2,FALSE),"") -> 12
B95: Enemy 03 | C95: MiddleVillian | F95: =IFERROR(VLOOKUP($C95,'적군 유닛'!$C$6:$K$8,COLUMN(A75)+2,FALSE),"") -> 20 | G95: =IFERROR(VLOOKUP($C95,'적군 유닛'!$C$6:$K$8,COLUMN(B75)+2,FALSE),"") -> 12 | H95: =IFERROR(VLOOKUP($C95,'적군 유닛'!$C$6:$K$8,COLUMN(C75)+2,FALSE),"") -> 12
B96: Enemy 04 | C96: MiddleVillian | F96: =IFERROR(VLOOKUP($C96,'적군 유닛'!$C$6:$K$8,COLUMN(A76)+2,FALSE),"") -> 20 | G96: =IFERROR(VLOOKUP($C96,'적군 유닛'!$C$6:$K$8,COLUMN(B76)+2,FALSE),"") -> 12 | H96: =IFERROR(VLOOKUP($C96,'적군 유닛'!$C$6:$K$8,COLUMN(C76)+2,FALSE),"") -> 12
C97: 합계 | F97: =SUM(F93:F96) -> 80 | G97: =SUM(G93:G96) -> 48 | H97: =SUM(H93:H96) -> 48 | I97: =MAX(ROUND(G97-H92,0),12) -> 24
B99: (1) 승리 측: 빌런 / 패배 측: 히어로 (2) 빌런 원래 HP 비율 = Enemy01 (27%) : Enemy02 (22%) : Enemy03 (22%) : Enemy04 (30%) (3) 걸린 턴 수 = 패배 측 원래 HP 합계 ÷ 승리 측 기본 대미지 (소수점 버림) = 37 ÷ 24 = 1.54166 ≒ 1 (4) 남은 HP 합계 공식 = {승리 측 원래 HP 합계 - (패배 측 기본 대미지 × 걸린 턴 수)} × 80% (소수점 반올림) = {80 - (15 × 1)} × 80% = 65 × 80% = 52 (5) 남은 HP 분배 = Enemy01 (25% = 13) : Enemy02 (25% = 13) : Enemy03 (25% = 13) : Enemy04 (25% = 13)

Sheet 아군 유닛
A1: #Comment
B2: 아군 유닛 스테이터스 데이터 테이블
A3: #DataName | B3: PlayerUnit
A4: #Type | B4: int | C4: string | D4: string | E4: string | F4: int | G4: int | H4: int | I4: percent | J4: percent | K4: percent | L4: int | M4: list<int> | N4: list<int> | O4: int | P4: int | Q4: int
A5: #Name | B5: ClassIndex | C5: UnitName | D5: ClassName | E5: ClassConcept | F5: UnitMaxHP | G5: UnitATK | H5: UnitDEF | I5: CriticalRate | J5: CounterRate | K5: ReduceRate | L5: Speed | M5: ClassSkillIndexList | N5: WeaponIndexList | O5: LevelGrowthMaxHP | P5: LevelGrowthMaxAtk | Q5: LevelGrowthMaxDef
A6: #Data | B6: 10001 | C6: 저스티스 | D6: 파이터 | E6: 평균적인 능력치를 지닌 근거리 히어로 | F6: 6 | G6: 9 | H6: 5 | I6: 0.15 | J6: 0.15 | K6: 0.15 | L6: 2 | M6: {5010,5020,5030,5040,5050,5060,5070} | N6: {310501,310502,310503,310504,310505,310506,310507} | O6: 4 | P6: 4 | Q6: 2
B7: 10002 | C7: 루미나 | D7: 블래스터 | E7: 다중 공격에 특화된 원거리 히어로 | F7: 4 | G7: 12 | H7: 4 | I7: 0.3 | J7: 0.1 | K7: 0.2 | L7: 3 | M7: {2010,2020,2030,2040,2050,2060,2070} | N7: {310201,310202,310203,310204,310205,310206,310207} | O7: 4 | P7: 4 | Q7: 2
B8: 10003 | C8: 블랙 불릿 | D8: 스트라이커 | E8: 단일 공격에 특화된 원거리 히어로 | F8: 6 | G8: 12 | H8: 2 | I8: 0.2 | J8: 0.05 | K8: 0.1 | L8: 2 | M8: {3010,3020,3030,3040,3050,3060,3070} | N8: {310301,310302,310303,310304,310305,310306,310307} | O8: 2 | P8: 6 | Q8: 2
B9: 10004 | C9: 네코밍 | D9: 서포터 | E9: 회복이 가능한 원거리 히어로 | F9: 6 | G9: 8 | H9: 6 | I9: 0.1 | J9: 0.1 | K9: 0.15 | L9: 2 | M9: {4010,4020,4030,4040,4050,4060,4070} | N9: {310401,310402,310403,310404,310405,310406,310407} | O9: 5 | P9: 4 | Q9: 1
A11: #End | B11: 여긴 안씀
A12: #Comment | B12: 아군 유닛 식별용 인덱스 | C12: 인게임상 표기 이름 | D12: 인게임상 표기 클래스 | E12: 인게임상 표기 설명 | F12: 유닛 체력 | G12: 유닛 공격력 | H12: 유닛 방어력 | I12: 유닛 크리티컬율 | J12: 유닛 반격률 | K12: 유닛 피해 경감율 | L12: 유닛 스피드 | M12: 유닛 사용하는 스킬 리스트 | N12: 유닛 사용하는 무기 리스트 | O12: 레벨당 증가 체력 | P12: 레벨당 증가 공격력 | Q12: 레벨당 증가 방어력

Sheet 유닛 성장 경험치
A1: #Comment
B2: 아군 유닛 스테이터스 데이터 테이블
A3: #DataName | B3: UnitGrowthExp
A4: #Type | B4: int | C4: string | D4: int | E4: int | F4: int | G4: int | H4: int | I4: int
A5: #Name | B5: Level | C5: Rank | D5: NeedExpieriencePoint | E5: AddIP | F5: FighterStudySkill | G5: BlasterStudySkill | H5: StrikerStudySkill | I5: SuppoterStudySkill
A6: #Data | B6: 1 | C6: F | D6: 0 | F6: 5010 | G6: 2010 | H6: 3010 | I6: 4010
B7: 2 | C7: D | D7: 40 | E7: 10 | F7: 5020 | G7: 2020 | H7: 3020 | I7: 4020
B8: 3 | C8: C | D8: 80 | E8: 10 | F8: 5030 | G8: 2030 | H8: 3030 | I8: 4030
B9: 4 | C9: B | D9: 150 | E9: 10 | F9: 5040 | G9: 2040 | H9: 3040 | I9: 4040
B10: 5 | C10: A | D10: 240 | E10: 10 | F10: 5050 | G10: 2050 | H10: 3050 | I10: 4050
B11: 6 | C11: S | D11: 330 | E11: 10 | F11: 5060 | G11: 2060 | H11: 3060 | I11: 4060
B12: 7 | C12: SS | D12: 450 | E12: 10 | F12: 5070 | G12: 2070 | H12: 3070 | I12: 4070
B13: 8 | C13: SSS | D13: 570 | E13: 20
A15: #End
A16: #Comment | B16: 레벨 | C16: 인게임 상 표기 | D16: 유닛당 랭크업 필요 경험치 | E16: 최대 I.P 추가 | F16: 파이터 배우는 스킬 | G16: 블래스터 배우는 스킬 | H16: 스트라이커 배우는 스킬 | I16: 서포터 배우는 스킬
B18: 권장 전투 수 | C18: 초급 (10) | D18: 중급 (20) | E18: 상급 (30) | F18: 합계
B19: 1 | C19: 0 | F19: =SUM(C19:E19) -> 0 | H19: 0
B20: 2 | C20: 2 | D20: 1 | F20: =SUM(C20:E20) -> 3 | G20: 40 | H20: =H19+G20 -> 40
B21: 3 | D21: 2 | F21: =SUM(C21:E21) -> 2 | G21: 40 | H21: =H20+G21 -> 80
B22: 4 | D22: 2 | E22: 1 | F22: =SUM(C22:E22) -> 3 | G22: 70 | H22: =H21+G22 -> 150
B23: 5 | E23: 3 | F23: =SUM(C23:E23) -> 3 | G23: 90 | H23: =H22+G23 -> 240
B24: 6 | E24: 3 | F24: =SUM(C24:E24) -> 3 | G24: 90 | H24: =H23+G24 -> 330
B25: 7 | E25: 4 | F25: =SUM(C25:E25) -> 4 | G25: 120 | H25: =H24+G25 -> 450
B26: 8 | E26: 4 | F26: =SUM(C26:E26) -> 4 | G26: 120 | H26: =H25+G26 -> 570

Sheet 적군 유닛
A1: #Comment
B2: 적군 유닛 테이블
A3: #DataName | B3: EnemyUnit
A4: #Type | B4: int | C4: string | D4: string | E4: int | F4: int | G4: int | H4: percent | I4: percent | J4: percent | K4: int | L4: string | M4: string | N4: int | O4: int | P4: int | Q4: int | R4: list<int> | S4: int | T4: int | U4: percent | V4: string | W4: string | X4: int | Y4: int | Z4: int | AA4: int | AB4: list<int> | AC4: int | AD4: int | AE4: percent | AF4: string | AG4: int
A5: #Name | B5: EnemyIndex | C5: EnemyName | D5: EnemyConcept | E5: UnitMaxHP | F5: UnitATK | G5: UnitDEF | H5: CriticalRate | I5: CounterRate | J5: ReduceRate | K5: Speed | L5: EnemySkill1 Name | M5: EnemySkill1 Description | N5: EnemySkill1Effect | O5: EnemySkill1Range | P5: EnemySkill1RangeLine | Q5: EnemySkill1Target | R5: EnemySkill1MultiTarget | S5: EnemySkill1 MultiTargetType | T5: EnemySkill1 MultiTargetCount | U5: EnemySkill1Value | V5: EnemySkill2 Name | W5: EnemySkill2 Description | X5: EnemySkill2Effect | Y5: EnemySkill2Range | Z5: EnemySkill2RangeLine | AA5: EnemySkill2Target | AB5: EnemySkill2MultiTarget | AC5: EnemySkill2 MultiTargetType | AD5: EnemySkill2 MultiTargetCount | AE5: EnemySkill2Value | AF5: UnitAI | AG5: ExperiencePoint
A6: #Data | B6: 20001 | C6: LowerVillian | D6: 하급 빌런 | E6: 10 | F6: 5 | G6: 5 | H6: 0.1 | I6: 0.1 | J6: 0.1 | K6: 2 | L6: 하급 빌런 스킬1 | M6: 상대 전열 또는 후열 단일 공격 (전열 우선) | N6: 0 | O6: 0 | P6: 0 | Q6: 0 | U6: 1 | V6: 하급 빌런 스킬2 | W6: 상대 1열을 전체 공격 (전열 우선) | X6: 0 | Y6: 0 | Z6: 0 | AA6: 1 | AB6: {9} | AC6: 0 | AE6: 0.5 | AF6: 70% 확률로 스킬1, 30% 확률로 스킬2 | AG6: 10
B7: 20002 | C7: MiddleVillian | D7: 중급 빌런 | E7: 20 | F7: 12 | G7: 12 | H7: 0.2 | I7: 0.15 | J7: 0.15 | K7: 3 | L7: 중급 빌런 스킬1 | M7: 상대 전열 또는 후열 단일 공격 | N7: 0 | O7: 1 | P7: 1 | Q7: 0 | U7: 1.3 | V7: 중급 빌런 스킬2 | W7: 자신의 체력 50 단일 회복 | X7: 1 | AA7: 0 | AE7: 50 | AF7: 일반 상황에서는 스킬1(50:50 확률로 젼열 또는 후열 타깃), 체력 60 이하 시 스킬2 | AG7: 20
B8: 20003 | C8: AdvancedVillian | D8: 상급 빌런 | E8: 50 | F8: 20 | G8: 18 | H8: 0.25 | I8: 0.2 | J8: 0.2 | K8: 1 | L8: 상급 빌런 스킬1 | M8: 상대 전열 또는 후열 단일 공격 | N8: 0 | O8: 1 | P8: 1 | Q8: 0 | U8: 1 | V8: 상급 빌런 스킬2 | W8: 상대 전체 공격 | X8: 0 | Y8: 1 | Z8: 1 | AA8: 2 | AE8: 0.8 | AF8: 70% 확률로 스킬1 (70% 확률로 상대 후열 우선), 30% 확률로 스킬2 | AG8: 30
A10: #End | B10: 적군 유닛 인덱스 | C10: 적군 유닛명 | D10: 인게임용 적군 유닛 콘셉트 | E10: 유닛 최대 체력 | F10: 유닛 공격력 | G10: 유닛 방어력 | H10: 치명타율 | I10: 반격율 | J10: 회피율 | K10: 스피드 | L10: 적군 스킬1 스킬명 | M10: 적군 스킬1 설명 | N10: 적군 스킬 1 효과 (0 공격 1 회복 2 부활) | O10: 적군 스킬 1 사정거리 (0 근거리 1 원거리) | P10: 적군 스킬 1 사정거리 라인 0 전열 우선 (전열이 있을 경우 전열 공격) 1 전열/후열 선택 가능 2 후열 우선 | Q10: 적군 스킬 1 대상 (0 단일 1 복수 2 전체) | R10: 적군 스킬 1 복수 대상 (스킬 대상 1일 경우) | S10: 적군 스킬 1 복수 대상 타입 (0 후보 전체 1 랜덤) (스킬 대상 1일 경우) | T10: 적군 스킬 1 복수 추가 대상 수 (스킬 대상 1일 경우) | U10: 적군 스킬 1 계수 | V10: 적군 스킬2 스킬명 | W10: 적군 스킬2 설명 | X10: 적군 스킬 2 효과 (0 공격 1 회복 2 부활) | Y10: 적군 스킬 2 사정거리 (0 근거리 1 원거리) | Z10: 적군 스킬 2 사정거리 라인 0 전열 우선 (전열이 있을 경우 전열 공격) 1 전열/후열 선택 가능 2 후열 우선 | AA10: 적군 스킬 2 대상 (0 단일 1 복수 2 전체) | AB10: 적군 스킬 2 복수 대상 (스킬 대상 1일 경우) | AC10: 적군 스킬 2 복수 대상 타입 (0 후보 전체 1 랜덤) (스킬 대상 1일 경우) | AD10: 적군 스킬 2 복수 추가 대상 수 (스킬 대상 1일 경우) | AE10: 적군 스킬 2 계수 | AF10: 적군 유닛 행동 규칙 | AG10: 경험치
A11: #Comment
C18: 파이터 | E18: Lv1 | F18: Lv2 | G18: Lv3 | H18: Lv4 | I18: Lv5 | J18: Lv6 | K18: Lv7 | L18: Lv8
C19: maxHP | D19: 2 | E19: 6 | F19: 8 | G19: 10 | H19: 12 | I19: 14 | J19: 16 | K19: 18 | L19: 20
C20: ATK | D20: 4 | E20: 9 | F20: 13 | G20: 17 | H20: 21 | I20: 25 | J20: 29 | K20: 33 | L20: 37
C21: DEF | D21: 4 | E21: 5 | F21: 9 | G21: 13 | H21: 17 | I21: 21 | J21: 25 | K21: 29 | L21: 33
E22: =SUM(E19:E21) -> 20 | G22: =SUM(G19:G21) -> 40 | I22: =SUM(I19:I21) -> 60

Sheet 적군 부대
A1: #Comment
B2: 적군 부대 테이블
A3: #DataName | B3: EnemyGroup
A4: #Type | B4: int | C4: int | D4: int | E4: int | F4: int | G4: int | H4: int | I4: int | J4: int | K4: int | L4: int
A5: #Name | B5: EnemyIndex | C5: Enemy1 | D5: Enemy1Slot | E5: Enemy2 | F5: Enemy2Slot | G5: Enemy3 | H5: Enemy3Slot | I5: Enemy4 | J5: Enemy4Slot | K5: Enemy5 | L5: Enemy5Slot
A6: #Data | B6: 30001 | C6: 20001 | D6: 1 | E6: 20001 | F6: 3
B7: 30002 | C7: 20001 | D7: 1 | E7: 20001 | F7: 4 | G7: 20001 | H7: 6
B8: 30003 | C8: 20001 | D8: 1 | E8: 20001 | F8: 3 | G8: 20002 | H8: 5
B9: 30004 | C9: 20001 | D9: 1 | E9: 20001 | F9: 3 | G9: 20002 | H9: 4 | I9: 20002 | J9: 6
B10: 30005 | C10: 20001 | D10: 1 | E10: 20001 | F10: 3 | G10: 20002 | H10: 4 | I10: 20002 | J10: 6 | K10: 20003 | L10: 5
A13: #End | B13: 적군 유닛 인덱스 | C13: 유닛 종류 (하급: 20001, 중급: 20002, 상급: 20003 | D13: 유닛 위치
A14: #Comment
C15: 하급 2 | D15: 1 | E15: 4
C16: 하급 3 | D16: 2 | E16: 5
C17: 하급 2+중급1 | D17: 3 | E17: 6
C18: 하급 2+중급2
C19: 하급2+중급2+상급1
D21: 하급
D23: 하급
E25: 하급
D26: 하급
E27: 하급
D29: 하급
E30: 중급
D31: 하급
D33: 하급 | E33: 중급
D35: 하급 | E35: 중급
D37: 하급 | E37: 중급
E38: 상급
D39: 하급 | E39: 중급

Sheet 직업 스킬
A1: #Comment
B2: 아군 유닛 클래스별 직업 스킬
A3: #DataName | B3: ClassSkill
A4: #Type | B4: int | C4: string | D4: int | E4: string | F4: string | G4: int | H4: int | I4: int | J4: int | K4: int | L4: list<int> | M4: int | N4: int | O4: percent | P4: percent | Q4: percent | R4: percent | S4: percent | T4: percent | U4: percent | V4: percent | W4: percent | X4: percent
A5: #Name | B5: ClassSkillIndex | C5: Class | D5: ClassSkill AcquireRank | E5: ClassSkillName | F5: ClassSkillDescription | G5: IPCost | H5: ClassSkillEffect | I5: ClassSkillRange | J5: ClassSkillRangeLine | K5: ClassSkillTarget | L5: ClassSkillMultiTarget | M5: ClassSkill MultiTargetType | N5: ClassSkill MultiTargetCount | O5: ClassSkillValueLv1 | P5: ClassSkillSubValueLv1 | Q5: ClassSkillValueLv2 | R5: ClassSkillSubValueLv2 | S5: ClassSkillValueLv3 | T5: ClassSkillSubValueLv3 | U5: ClassSkillValueLv4 | V5: ClassSkillSubValueLv4 | W5: ClassSkillValueLv5 | X5: ClassSkillSubValueLv5
A6: #Data | B6: 1010 | C6: 가디언 | D6: 1 | E6: 도발 베기 | F6: 적 1명에게 {ClassSkillValue} 대미지를 입히고, 1턴 동안 해당 대상이 단일 공격 시 자신을 공격하게 한다. (적 전열이 있을 경우, 전열 우선 공격) | G6: 0 | H6: 0 | I6: 0 | J6: 0 | K6: 0 | O6: 1 | Q6: =IFERROR(IF(ROUND(O6*1.2,1)=0,"",ROUND(O6*1.2,1)),"") -> 1.2 | R6: =IFERROR(IF(ROUND(P6*1.2,1)=0,"",ROUND(P6*1.2,1)),"") | S6: =IFERROR(IF(ROUND(Q6*1.2,1)=0,"",ROUND(Q6*1.2,1)),"") -> 1.4 | T6: =IFERROR(IF(ROUND(R6*1.2,1)=0,"",ROUND(R6*1.2,1)),"") | U6: =IFERROR(IF(ROUND(S6*1.2,1)=0,"",ROUND(S6*1.2,1)),"") -> 1.7 | V6: =IFERROR(IF(ROUND(T6*1.2,1)=0,"",ROUND(T6*1.2,1)),"") | W6: =IFERROR(IF(ROUND(U6*1.2,1)=0,"",ROUND(U6*1.2,1)),"") -> 2 | X6: =IFERROR(IF(ROUND(V6*1.2,1)=0,"",ROUND(V6*1.2,1)),"")
B7: 1020 | C7: 가디언 | D7: 3 | E7: 일렬 베기 | F7: 적 한 열에 {ClassSkillValue} 대미지를 입힌다. (적 전열이 있을 경우, 전열 우선 공격) | G7: 0 | H7: 0 | I7: 0 | J7: 0 | K7: 1 | L7: {9} | M7: 0 | O7: 0.8 | Q7: =IFERROR(IF(ROUND(O7*1.2,1)=0,"",ROUND(O7*1.2,1)),"") -> 1 | R7: =IFERROR(IF(ROUND(P7*1.2,1)=0,"",ROUND(P7*1.2,1)),"") | S7: =IFERROR(IF(ROUND(Q7*1.2,1)=0,"",ROUND(Q7*1.2,1)),"") -> 1.2 | T7: =IFERROR(IF(ROUND(R7*1.2,1)=0,"",ROUND(R7*1.2,1)),"") | U7: =IFERROR(IF(ROUND(S7*1.2,1)=0,"",ROUND(S7*1.2,1)),"") -> 1.4 | V7: =IFERROR(IF(ROUND(T7*1.2,1)=0,"",ROUND(T7*1.2,1)),"") | W7: =IFERROR(IF(ROUND(U7*1.2,1)=0,"",ROUND(U7*1.2,1)),"") -> 1.7 | X7: =IFERROR(IF(ROUND(V7*1.2,1)=0,"",ROUND(V7*1.2,1)),"")
B8: 1030 | C8: 가디언 | D8: 5 | E8: 관통 | F8: 전열의 적 한 명에게 {ClassSkillValue} 대미지를 입히고, 해당 후열에 있는 적 한 명에게 추가로 {ClassSkillSubValue} 대미지를 입힌다. (전열의 적이 없을 경우 후열의 적 한 명만을 공격) | G8: 0 | H8: 0 | I8: 0 | J8: 0 | K8: 0 | L8: {3} | M8: 0 | N8: 1 | O8: 0.6 | P8: 0.8 | Q8: =IFERROR(IF(ROUND(O8*1.2,1)=0,"",ROUND(O8*1.2,1)),"") -> 0.7 | R8: =IFERROR(IF(ROUND(P8*1.2,1)=0,"",ROUND(P8*1.2,1)),"") -> 1 | S8: =IFERROR(IF(ROUND(Q8*1.2,1)=0,"",ROUND(Q8*1.2,1)),"") -> 0.8 | T8: =IFERROR(IF(ROUND(R8*1.2,1)=0,"",ROUND(R8*1.2,1)),"") -> 1.2 | U8: =IFERROR(IF(ROUND(S8*1.2,1)=0,"",ROUND(S8*1.2,1)),"") -> 1 | V8: =IFERROR(IF(ROUND(T8*1.2,1)=0,"",ROUND(T8*1.2,1)),"") -> 1.4 | W8: =IFERROR(IF(ROUND(U8*1.2,1)=0,"",ROUND(U8*1.2,1)),"") -> 1.2 | X8: =IFERROR(IF(ROUND(V8*1.2,1)=0,"",ROUND(V8*1.2,1)),"") -> 1.7
B9: 1040 | C9: 가디언 | D9: 7 | E9: 광역 도발 | F9: 적 한 열에 {ClassSkillValue} 대미지를 입히고, 1턴 동안 모든 적이 단일 공격 시 자신을 공격하게 한다. (적 전열이 있을 경우, 전열 우선 공격) | G9: 0 | H9: 0 | I9: 0 | J9: 0 | K9: 1 | L9: {9} | M9: 0 | O9: 1.2 | Q9: =IFERROR(IF(ROUND(O9*1.2,1)=0,"",ROUND(O9*1.2,1)),"") -> 1.4 | R9: =IFERROR(IF(ROUND(P9*1.2,1)=0,"",ROUND(P9*1.2,1)),"") | S9: =IFERROR(IF(ROUND(Q9*1.2,1)=0,"",ROUND(Q9*1.2,1)),"") -> 1.7 | T9: =IFERROR(IF(ROUND(R9*1.2,1)=0,"",ROUND(R9*1.2,1)),"") | U9: =IFERROR(IF(ROUND(S9*1.2,1)=0,"",ROUND(S9*1.2,1)),"") -> 2 | V9: =IFERROR(IF(ROUND(T9*1.2,1)=0,"",ROUND(T9*1.2,1)),"") | W9: =IFERROR(IF(ROUND(U9*1.2,1)=0,"",ROUND(U9*1.2,1)),"") -> 2.4 | X9: =IFERROR(IF(ROUND(V9*1.2,1)=0,"",ROUND(V9*1.2,1)),"")
B10: 1050 | C10: 가디언 | D10: 10 | E10: 돌파 | F10: 적 1명에게 {ClassSkillValue} 대미지를 입힌다. (후열에 있는 적도 공격 가능하다.) | G10: 0 | H10: 0 | I10: 0 | J10: 1 | K10: 0 | O10: 1.5 | Q10: =IFERROR(IF(ROUND(O10*1.2,1)=0,"",ROUND(O10*1.2,1)),"") -> 1.8 | R10: =IFERROR(IF(ROUND(P10*1.2,1)=0,"",ROUND(P10*1.2,1)),"") | S10: =IFERROR(IF(ROUND(Q10*1.2,1)=0,"",ROUND(Q10*1.2,1)),"") -> 2.2 | T10: =IFERROR(IF(ROUND(R10*1.2,1)=0,"",ROUND(R10*1.2,1)),"") | U10: =IFERROR(IF(ROUND(S10*1.2,1)=0,"",ROUND(S10*1.2,1)),"") -> 2.6 | V10: =IFERROR(IF(ROUND(T10*1.2,1)=0,"",ROUND(T10*1.2,1)),"") | W10: =IFERROR(IF(ROUND(U10*1.2,1)=0,"",ROUND(U10*1.2,1)),"") -> 3.1 | X10: =IFERROR(IF(ROUND(V10*1.2,1)=0,"",ROUND(V10*1.2,1)),"")
B11: 1060 | C11: 가디언 | D11: 12 | E11: 쌍렬 베기 | F11: 적 전열과 후열의 모든 적에게 {ClassSkillValue} 대미지를 준다. | G11: 0 | H11: 0 | I11: 0 | J11: 1 | K11: 2 | O11: 0.8 | Q11: =IFERROR(IF(ROUND(O11*1.2,1)=0,"",ROUND(O11*1.2,1)),"") -> 1 | R11: =IFERROR(IF(ROUND(P11*1.2,1)=0,"",ROUND(P11*1.2,1)),"") | S11: =IFERROR(IF(ROUND(Q11*1.2,1)=0,"",ROUND(Q11*1.2,1)),"") -> 1.2 | T11: =IFERROR(IF(ROUND(R11*1.2,1)=0,"",ROUND(R11*1.2,1)),"") | U11: =IFERROR(IF(ROUND(S11*1.2,1)=0,"",ROUND(S11*1.2,1)),"") -> 1.4 | V11: =IFERROR(IF(ROUND(T11*1.2,1)=0,"",ROUND(T11*1.2,1)),"") | W11: =IFERROR(IF(ROUND(U11*1.2,1)=0,"",ROUND(U11*1.2,1)),"") -> 1.7 | X11: =IFERROR(IF(ROUND(V11*1.2,1)=0,"",ROUND(V11*1.2,1)),"")
B12: 1070 | C12: 가디언 | D12: 15 | E12: 불굴 | F12: 자신의 체력이 낮을수록 적 1명에게 높은 대미지를 입힌다. (기본 100% + 최대 체력 대비 현재 체력 20%가 낮아질 때마다 40% 추가, 최대 {ClassSkillValue}) | G12: 0 | H12: 0 | I12: 0 | J12: 0 | K12: 0 | O12: 1.8 | Q12: 2.2 | R12: =IFERROR(IF(ROUND(P12*1.2,1)=0,"",ROUND(P12*1.2,1)),"") | S12: 2.6 | T12: =IFERROR(IF(ROUND(R12*1.2,1)=0,"",ROUND(R12*1.2,1)),"") | U12: 3 | V12: =IFERROR(IF(ROUND(T12*1.2,1)=0,"",ROUND(T12*1.2,1)),"") | W12: 3 | X12: =IFERROR(IF(ROUND(V12*1.2,1)=0,"",ROUND(V12*1.2,1)),"")
B13: 2010 | C13: 블래스터 | D13: 1 | E13: 파이어볼 | F13: 적 1명에게 {ClassSkillValue} 대미지를 입힌다. | G13: 0 | H13: 0 | I13: 1 | J13: 1 | K13: 0 | O13: 1 | Q13: =IFERROR(IF(ROUND(O13*1.2,1)=0,"",ROUND(O13*1.2,1)),"") -> 1.2 | R13: =IFERROR(IF(ROUND(P13*1.2,1)=0,"",ROUND(P13*1.2,1)),"") | S13: =IFERROR(IF(ROUND(Q13*1.2,1)=0,"",ROUND(Q13*1.2,1)),"") -> 1.4 | T13: =IFERROR(IF(ROUND(R13*1.2,1)=0,"",ROUND(R13*1.2,1)),"") | U13: =IFERROR(IF(ROUND(S13*1.2,1)=0,"",ROUND(S13*1.2,1)),"") -> 1.7 | V13: =IFERROR(IF(ROUND(T13*1.2,1)=0,"",ROUND(T13*1.2,1)),"") | W13: =IFERROR(IF(ROUND(U13*1.2,1)=0,"",ROUND(U13*1.2,1)),"") -> 2 | X13: =IFERROR(IF(ROUND(V13*1.2,1)=0,"",ROUND(V13*1.2,1)),"")
B14: 2020 | C14: 블래스터 | D14: 3 | E14: 번개 확산 | F14: 적 한 열에 {ClassSkillValue} 대미지를 입힌다. | G14: 0 | H14: 0 | I14: 1 | J14: 1 | K14: 1 | L14: {9} | M14: 0 | O14: 0.6 | Q14: =IFERROR(IF(ROUND(O14*1.2,1)=0,"",ROUND(O14*1.2,1)),"") -> 0.7 | R14: =IFERROR(IF(ROUND(P14*1.2,1)=0,"",ROUND(P14*1.2,1)),"") | S14: =IFERROR(IF(ROUND(Q14*1.2,1)=0,"",ROUND(Q14*1.2,1)),"") -> 0.8 | T14: =IFERROR(IF(ROUND(R14*1.2,1)=0,"",ROUND(R14*1.2,1)),"") | U14: =IFERROR(IF(ROUND(S14*1.2,1)=0,"",ROUND(S14*1.2,1)),"") -> 1 | V14: =IFERROR(IF(ROUND(T14*1.2,1)=0,"",ROUND(T14*1.2,1)),"") | W14: =IFERROR(IF(ROUND(U14*1.2,1)=0,"",ROUND(U14*1.2,1)),"") -> 1.2 | X14: =IFERROR(IF(ROUND(V14*1.2,1)=0,"",ROUND(V14*1.2,1)),"")
B15: 2030 | C15: 블래스터 | D15: 5 | E15: 마력 집중 | F15: 적 한 명에게 {ClassSkillValue} 대미지를 입힌다. 다음 자신의 턴 1턴을 건너뛴다. | G15: 0 | H15: 0 | I15: 1 | J15: 1 | K15: 0 | O15: 1.8 | Q15: =IFERROR(IF(ROUND(O15*1.2,1)=0,"",ROUND(O15*1.2,1)),"") -> 2.2 | R15: =IFERROR(IF(ROUND(P15*1.2,1)=0,"",ROUND(P15*1.2,1)),"") | S15: =IFERROR(IF(ROUND(Q15*1.2,1)=0,"",ROUND(Q15*1.2,1)),"") -> 2.6 | T15: =IFERROR(IF(ROUND(R15*1.2,1)=0,"",ROUND(R15*1.2,1)),"") | U15: =IFERROR(IF(ROUND(S15*1.2,1)=0,"",ROUND(S15*1.2,1)),"") -> 3.1 | V15: =IFERROR(IF(ROUND(T15*1.2,1)=0,"",ROUND(T15*1.2,1)),"") | W15: =IFERROR(IF(ROUND(U15*1.2,1)=0,"",ROUND(U15*1.2,1)),"") -> 3.7 | X15: =IFERROR(IF(ROUND(V15*1.2,1)=0,"",ROUND(V15*1.2,1)),"")
B16: 2040 | C16: 블래스터 | D16: 7 | E16: 연쇄 번개 | F16: 전열의 적 한 명에게 {ClassSkillValue} 대미지를 입히고, 인접한 적 한 명에게 추가로 {ClassSkillSubValue} 대미지를 입힌다. | G16: 0 | H16: 0 | I16: 1 | J16: 1 | K16: 0 | L16: {1,3,5} | M16: 1 | N16: 1 | O16: 0.6 | P16: 0.5 | Q16: =IFERROR(IF(ROUND(O16*1.2,1)=0,"",ROUND(O16*1.2,1)),"") -> 0.7 | R16: =IFERROR(IF(ROUND(P16*1.2,1)=0,"",ROUND(P16*1.2,1)),"") -> 0.6 | S16: =IFERROR(IF(ROUND(Q16*1.2,1)=0,"",ROUND(Q16*1.2,1)),"") -> 0.8 | T16: =IFERROR(IF(ROUND(R16*1.2,1)=0,"",ROUND(R16*1.2,1)),"") -> 0.7 | U16: =IFERROR(IF(ROUND(S16*1.2,1)=0,"",ROUND(S16*1.2,1)),"") -> 1 | V16: =IFERROR(IF(ROUND(T16*1.2,1)=0,"",ROUND(T16*1.2,1)),"") -> 0.8 | W16: =IFERROR(IF(ROUND(U16*1.2,1)=0,"",ROUND(U16*1.2,1)),"") -> 1.2 | X16: =IFERROR(IF(ROUND(V16*1.2,1)=0,"",ROUND(V16*1.2,1)),"") -> 1
B17: 2050 | C17: 블래스터 | D17: 10 | E17: 메테오 | F17: 적 전열과 후열의 모든 적에게 {ClassSkillValue}대미지를 준다. | G17: 0 | H17: 0 | I17: 1 | J17: 1 | K17: 2 | O17: 0.8 | Q17: =IFERROR(IF(ROUND(O17*1.2,1)=0,"",ROUND(O17*1.2,1)),"") -> 1 | R17: =IFERROR(IF(ROUND(P17*1.2,1)=0,"",ROUND(P17*1.2,1)),"") | S17: =IFERROR(IF(ROUND(Q17*1.2,1)=0,"",ROUND(Q17*1.2,1)),"") -> 1.2 | T17: =IFERROR(IF(ROUND(R17*1.2,1)=0,"",ROUND(R17*1.2,1)),"") | U17: =IFERROR(IF(ROUND(S17*1.2,1)=0,"",ROUND(S17*1.2,1)),"") -> 1.4 | V17: =IFERROR(IF(ROUND(T17*1.2,1)=0,"",ROUND(T17*1.2,1)),"") | W17: =IFERROR(IF(ROUND(U17*1.2,1)=0,"",ROUND(U17*1.2,1)),"") -> 1.7 | X17: =IFERROR(IF(ROUND(V17*1.2,1)=0,"",ROUND(V17*1.2,1)),"")
B18: 2060 | C18: 블래스터 | D18: 12 | E18: 마력 폭발 | F18: 적 1명에게 체력이 높을수록 높은 대미지를 입힌다. (기본 {ClassSkillValue} + 적의 최대 체력 대비 현재 체력 10%가 낮아질 때마다 10% 감소, 최소 100%) | G18: 0 | H18: 0 | I18: 1 | J18: 1 | K18: 0 | O18: 1.5 | Q18: =IFERROR(IF(ROUND(O18*1.2,1)=0,"",ROUND(O18*1.2,1)),"") -> 1.8 | R18: =IFERROR(IF(ROUND(P18*1.2,1)=0,"",ROUND(P18*1.2,1)),"") | S18: =IFERROR(IF(ROUND(Q18*1.2,1)=0,"",ROUND(Q18*1.2,1)),"") -> 2.2 | T18: =IFERROR(IF(ROUND(R18*1.2,1)=0,"",ROUND(R18*1.2,1)),"") | U18: =IFERROR(IF(ROUND(S18*1.2,1)=0,"",ROUND(S18*1.2,1)),"") -> 2.6 | V18: =IFERROR(IF(ROUND(T18*1.2,1)=0,"",ROUND(T18*1.2,1)),"") | W18: =IFERROR(IF(ROUND(U18*1.2,1)=0,"",ROUND(U18*1.2,1)),"") -> 3.1 | X18: =IFERROR(IF(ROUND(V18*1.2,1)=0,"",ROUND(V18*1.2,1)),"")
B19: 2070 | C19: 블래스터 | D19: 15 | E19: 붕괴 | F19: 이 공격을 맞는 적의 수가 적을수록 높은 대미지를 입힌다. (기본 100% + 전 진형의 빈 칸 하나당 20%, 최대 {ClassSkillValue}) | G19: 0 | H19: 0 | I19: 1 | J19: 1 | K19: 2 | O19: 1.4 | Q19: 1.6 | R19: =IFERROR(IF(ROUND(P19*1.2,1)=0,"",ROUND(P19*1.2,1)),"") | S19: 1.8 | T19: =IFERROR(IF(ROUND(R19*1.2,1)=0,"",ROUND(R19*1.2,1)),"") | U19: 2 | V19: =IFERROR(IF(ROUND(T19*1.2,1)=0,"",ROUND(T19*1.2,1)),"") | W19: 2 | X19: =IFERROR(IF(ROUND(V19*1.2,1)=0,"",ROUND(V19*1.2,1)),"")
B20: 3010 | C20: 스트라이커 | D20: 1 | E20: 정밀 사격 | F20: 적 1명에게 {ClassSkillValue} 대미지를 입힌다. | G20: 0 | H20: 0 | I20: 1 | J20: 1 | K20: 0 | O20: 1 | Q20: =IFERROR(IF(ROUND(O20*1.2,1)=0,"",ROUND(O20*1.2,1)),"") -> 1.2 | R20: =IFERROR(IF(ROUND(P20*1.2,1)=0,"",ROUND(P20*1.2,1)),"") | S20: =IFERROR(IF(ROUND(Q20*1.2,1)=0,"",ROUND(Q20*1.2,1)),"") -> 1.4 | T20: =IFERROR(IF(ROUND(R20*1.2,1)=0,"",ROUND(R20*1.2,1)),"") | U20: =IFERROR(IF(ROUND(S20*1.2,1)=0,"",ROUND(S20*1.2,1)),"") -> 1.7 | V20: =IFERROR(IF(ROUND(T20*1.2,1)=0,"",ROUND(T20*1.2,1)),"") | W20: =IFERROR(IF(ROUND(U20*1.2,1)=0,"",ROUND(U20*1.2,1)),"") -> 2 | X20: =IFERROR(IF(ROUND(V20*1.2,1)=0,"",ROUND(V20*1.2,1)),"")
B21: 3020 | C21: 스트라이커 | D21: 3 | E21: 전열 저격 | F21: 적 1명에게 {ClassSkillValue}대미지를 입힌다. 전열의 적을 공격 시, {ClassSkillValue}대미지로 계산한다. | G21: 0 | H21: 0 | I21: 1 | J21: 1 | K21: 0 | O21: 1.2 | Q21: =IFERROR(IF(ROUND(O21*1.2,1)=0,"",ROUND(O21*1.2,1)),"") -> 1.4 | R21: =IFERROR(IF(ROUND(P21*1.2,1)=0,"",ROUND(P21*1.2,1)),"") | S21: =IFERROR(IF(ROUND(Q21*1.2,1)=0,"",ROUND(Q21*1.2,1)),"") -> 1.7 | T21: =IFERROR(IF(ROUND(R21*1.2,1)=0,"",ROUND(R21*1.2,1)),"") | U21: =IFERROR(IF(ROUND(S21*1.2,1)=0,"",ROUND(S21*1.2,1)),"") -> 2 | V21: =IFERROR(IF(ROUND(T21*1.2,1)=0,"",ROUND(T21*1.2,1)),"") | W21: =IFERROR(IF(ROUND(U21*1.2,1)=0,"",ROUND(U21*1.2,1)),"") -> 2.4 | X21: =IFERROR(IF(ROUND(V21*1.2,1)=0,"",ROUND(V21*1.2,1)),"")
B22: 3030 | C22: 스트라이커 | D22: 5 | E22: 후열 저격 | F22: 적 1명에게 {ClassSkillValue}대미지를 입힌다. 후열의 적을 공격 시 대미지 계산 전 회피율을 20% 내린다. | G22: 0 | H22: 0 | I22: 1 | J22: 1 | K22: 0 | O22: 1.4 | Q22: =IFERROR(IF(ROUND(O22*1.2,1)=0,"",ROUND(O22*1.2,1)),"") -> 1.7 | R22: =IFERROR(IF(ROUND(P22*1.2,1)=0,"",ROUND(P22*1.2,1)),"") | S22: =IFERROR(IF(ROUND(Q22*1.2,1)=0,"",ROUND(Q22*1.2,1)),"") -> 2 | T22: =IFERROR(IF(ROUND(R22*1.2,1)=0,"",ROUND(R22*1.2,1)),"") | U22: =IFERROR(IF(ROUND(S22*1.2,1)=0,"",ROUND(S22*1.2,1)),"") -> 2.4 | V22: =IFERROR(IF(ROUND(T22*1.2,1)=0,"",ROUND(T22*1.2,1)),"") | W22: =IFERROR(IF(ROUND(U22*1.2,1)=0,"",ROUND(U22*1.2,1)),"") -> 2.9 | X22: =IFERROR(IF(ROUND(V22*1.2,1)=0,"",ROUND(V22*1.2,1)),"")
B23: 3040 | C23: 스트라이커 | D23: 7 | E23: 연속 사격 | F23: 적 1명에게 {ClassSkillValue}대미지를 두 번 입힌다. (치명타, 회피율 판정은 각각 계산한다.) | G23: 0 | H23: 0 | I23: 1 | J23: 1 | K23: 0 | L23: {0} | M23: 0 | O23: 0.8 | P23: 0.8 | Q23: =IFERROR(IF(ROUND(O23*1.2,1)=0,"",ROUND(O23*1.2,1)),"") -> 1 | R23: =IFERROR(IF(ROUND(P23*1.2,1)=0,"",ROUND(P23*1.2,1)),"") -> 1 | S23: =IFERROR(IF(ROUND(Q23*1.2,1)=0,"",ROUND(Q23*1.2,1)),"") -> 1.2 | T23: =IFERROR(IF(ROUND(R23*1.2,1)=0,"",ROUND(R23*1.2,1)),"") -> 1.2 | U23: =IFERROR(IF(ROUND(S23*1.2,1)=0,"",ROUND(S23*1.2,1)),"") -> 1.4 | V23: =IFERROR(IF(ROUND(T23*1.2,1)=0,"",ROUND(T23*1.2,1)),"") -> 1.4 | W23: =IFERROR(IF(ROUND(U23*1.2,1)=0,"",ROUND(U23*1.2,1)),"") -> 1.7 | X23: =IFERROR(IF(ROUND(V23*1.2,1)=0,"",ROUND(V23*1.2,1)),"") -> 1.7
B24: 3050 | C24: 스트라이커 | D24: 10 | E24: 급소 저격 | F24: 적 1명에게 {ClassSkillValue}대미지를 입힌다. 체력 80% 이하 대상 공격 시 대미지 계산 전 치명타 확률을 20% 올린다. | G24: 0 | H24: 0 | I24: 1 | J24: 1 | K24: 0 | O24: 1.6 | Q24: =IFERROR(IF(ROUND(O24*1.2,1)=0,"",ROUND(O24*1.2,1)),"") -> 1.9 | R24: =IFERROR(IF(ROUND(P24*1.2,1)=0,"",ROUND(P24*1.2,1)),"") | S24: =IFERROR(IF(ROUND(Q24*1.2,1)=0,"",ROUND(Q24*1.2,1)),"") -> 2.3 | T24: =IFERROR(IF(ROUND(R24*1.2,1)=0,"",ROUND(R24*1.2,1)),"") | U24: =IFERROR(IF(ROUND(S24*1.2,1)=0,"",ROUND(S24*1.2,1)),"") -> 2.8 | V24: =IFERROR(IF(ROUND(T24*1.2,1)=0,"",ROUND(T24*1.2,1)),"") | W24: =IFERROR(IF(ROUND(U24*1.2,1)=0,"",ROUND(U24*1.2,1)),"") -> 3.4 | X24: =IFERROR(IF(ROUND(V24*1.2,1)=0,"",ROUND(V24*1.2,1)),"")
B25: 3060 | C25: 스트라이커 | D25: 12 | E25: 화살비 | F25: 적 전열과 후열의 모든 적에게 {ClassSkillValue}대미지를 준다. | G25: 0 | H25: 0 | I25: 1 | J25: 1 | K25: 2 | O25: 0.5 | Q25: =IFERROR(IF(ROUND(O25*1.2,1)=0,"",ROUND(O25*1.2,1)),"") -> 0.6 | R25: =IFERROR(IF(ROUND(P25*1.2,1)=0,"",ROUND(P25*1.2,1)),"") | S25: =IFERROR(IF(ROUND(Q25*1.2,1)=0,"",ROUND(Q25*1.2,1)),"") -> 0.7 | T25: =IFERROR(IF(ROUND(R25*1.2,1)=0,"",ROUND(R25*1.2,1)),"") | U25: =IFERROR(IF(ROUND(S25*1.2,1)=0,"",ROUND(S25*1.2,1)),"") -> 0.8 | V25: =IFERROR(IF(ROUND(T25*1.2,1)=0,"",ROUND(T25*1.2,1)),"") | W25: =IFERROR(IF(ROUND(U25*1.2,1)=0,"",ROUND(U25*1.2,1)),"") -> 1 | X25: =IFERROR(IF(ROUND(V25*1.2,1)=0,"",ROUND(V25*1.2,1)),"")
B26: 3070 | C26: 스트라이커 | D26: 15 | E26: 최후의 일격 | F26: 적의 체력이 낮을 수록 높은 대미지를 입힌다. (기본 100% + 적의 최대 체력 대비 현재 체력 10%가 낮아질 때마다 10% 추가, 최대 {ClassSkillValue}) | G26: 0 | H26: 0 | I26: 1 | J26: 1 | K26: 0 | O26: 1.8 | Q26: =IFERROR(IF(ROUND(O26*1.2,1)=0,"",ROUND(O26*1.2,1)),"") -> 2.2 | R26: =IFERROR(IF(ROUND(P26*1.2,1)=0,"",ROUND(P26*1.2,1)),"") | S26: =IFERROR(IF(ROUND(Q26*1.2,1)=0,"",ROUND(Q26*1.2,1)),"") -> 2.6 | T26: =IFERROR(IF(ROUND(R26*1.2,1)=0,"",ROUND(R26*1.2,1)),"") | U26: =IFERROR(IF(ROUND(S26*1.2,1)=0,"",ROUND(S26*1.2,1)),"") -> 3.1 | V26: =IFERROR(IF(ROUND(T26*1.2,1)=0,"",ROUND(T26*1.2,1)),"") | W26: =IFERROR(IF(ROUND(U26*1.2,1)=0,"",ROUND(U26*1.2,1)),"") -> 3.7 | X26: =IFERROR(IF(ROUND(V26*1.2,1)=0,"",ROUND(V26*1.2,1)),"")
B27: 4010 | C27: 서포터 | D27: 1 | E27: 힐 | F27: 아군 1명 체력 30% 회복, IP 10 고정 회복 | G27: 0 | H27: 1 | K27: 0 | Q27: =IFERROR(IF(ROUND(O27*1.2,1)=0,"",ROUND(O27*1.2,1)),"") | R27: =IFERROR(IF(ROUND(P27*1.2,1)=0,"",ROUND(P27*1.2,1)),"") | S27: =IFERROR(IF(ROUND(Q27*1.2,1)=0,"",ROUND(Q27*1.2,1)),"") | T27: =IFERROR(IF(ROUND(R27*1.2,1)=0,"",ROUND(R27*1.2,1)),"") | U27: =IFERROR(IF(ROUND(S27*1.2,1)=0,"",ROUND(S27*1.2,1)),"") | V27: =IFERROR(IF(ROUND(T27*1.2,1)=0,"",ROUND(T27*1.2,1)),"") | W27: =IFERROR(IF(ROUND(U27*1.2,1)=0,"",ROUND(U27*1.2,1)),"") | X27: =IFERROR(IF(ROUND(V27*1.2,1)=0,"",ROUND(V27*1.2,1)),"")
B28: 4020 | C28: 서포터 | D28: 3 | E28: 신성탄 | F28: 적 1명에게 {ClassSkillValue}대미지를 입히고, 입힌 대미지 만큼 아군의 1명의 IP 회복 (최대 20) | G28: 0 | H28: 0 | I28: 1 | J28: 1 | K28: 0 | O28: 0.8 | Q28: =IFERROR(IF(ROUND(O28*1.2,1)=0,"",ROUND(O28*1.2,1)),"") -> 1 | R28: =IFERROR(IF(ROUND(P28*1.2,1)=0,"",ROUND(P28*1.2,1)),"") | S28: =IFERROR(IF(ROUND(Q28*1.2,1)=0,"",ROUND(Q28*1.2,1)),"") -> 1.2 | T28: =IFERROR(IF(ROUND(R28*1.2,1)=0,"",ROUND(R28*1.2,1)),"") | U28: =IFERROR(IF(ROUND(S28*1.2,1)=0,"",ROUND(S28*1.2,1)),"") -> 1.4 | V28: =IFERROR(IF(ROUND(T28*1.2,1)=0,"",ROUND(T28*1.2,1)),"") | W28: =IFERROR(IF(ROUND(U28*1.2,1)=0,"",ROUND(U28*1.2,1)),"") -> 1.7 | X28: =IFERROR(IF(ROUND(V28*1.2,1)=0,"",ROUND(V28*1.2,1)),"")
B29: 4030 | C29: 서포터 | D29: 5 | E29: 긴급 치유 | F29: 아군 1명의 체력을 회복한다. (기본 5 + 최대 체력 대비 현재 체력 20%가 낮아질 때마다 15 추가, 최대 50) | G29: 0 | H29: 1 | K29: 0 | Q29: =IFERROR(IF(ROUND(O29*1.2,1)=0,"",ROUND(O29*1.2,1)),"") | R29: =IFERROR(IF(ROUND(P29*1.2,1)=0,"",ROUND(P29*1.2,1)),"") | S29: =IFERROR(IF(ROUND(Q29*1.2,1)=0,"",ROUND(Q29*1.2,1)),"") | T29: =IFERROR(IF(ROUND(R29*1.2,1)=0,"",ROUND(R29*1.2,1)),"") | U29: =IFERROR(IF(ROUND(S29*1.2,1)=0,"",ROUND(S29*1.2,1)),"") | V29: =IFERROR(IF(ROUND(T29*1.2,1)=0,"",ROUND(T29*1.2,1)),"") | W29: =IFERROR(IF(ROUND(U29*1.2,1)=0,"",ROUND(U29*1.2,1)),"") | X29: =IFERROR(IF(ROUND(V29*1.2,1)=0,"",ROUND(V29*1.2,1)),"")
B30: 4040 | C30: 서포터 | D30: 7 | E30: 심판의 빛 | F30: 적 1명에게 {ClassSkillValue}대미지를 입히고 체력을 회복할 수 없게 한다. | G30: 0 | H30: 0 | I30: 1 | J30: 1 | K30: 0 | O30: 1 | Q30: =IFERROR(IF(ROUND(O30*1.2,1)=0,"",ROUND(O30*1.2,1)),"") -> 1.2 | R30: =IFERROR(IF(ROUND(P30*1.2,1)=0,"",ROUND(P30*1.2,1)),"") | S30: =IFERROR(IF(ROUND(Q30*1.2,1)=0,"",ROUND(Q30*1.2,1)),"") -> 1.4 | T30: =IFERROR(IF(ROUND(R30*1.2,1)=0,"",ROUND(R30*1.2,1)),"") | U30: =IFERROR(IF(ROUND(S30*1.2,1)=0,"",ROUND(S30*1.2,1)),"") -> 1.7 | V30: =IFERROR(IF(ROUND(T30*1.2,1)=0,"",ROUND(T30*1.2,1)),"") | W30: =IFERROR(IF(ROUND(U30*1.2,1)=0,"",ROUND(U30*1.2,1)),"") -> 2 | X30: =IFERROR(IF(ROUND(V30*1.2,1)=0,"",ROUND(V30*1.2,1)),"")
B31: 4050 | C31: 서포터 | D31: 10 | E31: 광역 힐 | F31: 아군 1명의 체력을 10% 회복하고, 인접한 아군 1명의 체력을 10% 추가 회복한다. | G31: 0 | H31: 1 | K31: 0 | Q31: =IFERROR(IF(ROUND(O31*1.2,1)=0,"",ROUND(O31*1.2,1)),"") | R31: =IFERROR(IF(ROUND(P31*1.2,1)=0,"",ROUND(P31*1.2,1)),"") | S31: =IFERROR(IF(ROUND(Q31*1.2,1)=0,"",ROUND(Q31*1.2,1)),"") | T31: =IFERROR(IF(ROUND(R31*1.2,1)=0,"",ROUND(R31*1.2,1)),"") | U31: =IFERROR(IF(ROUND(S31*1.2,1)=0,"",ROUND(S31*1.2,1)),"") | V31: =IFERROR(IF(ROUND(T31*1.2,1)=0,"",ROUND(T31*1.2,1)),"") | W31: =IFERROR(IF(ROUND(U31*1.2,1)=0,"",ROUND(U31*1.2,1)),"") | X31: =IFERROR(IF(ROUND(V31*1.2,1)=0,"",ROUND(V31*1.2,1)),"")
B32: 4060 | C32: 서포터 | D32: 12 | E32: 신성 폭발 | F32: 적 전열과 후열의 모든 적에게 {ClassSkillValue}대미지를 준다. | G32: 0 | H32: 0 | I32: 1 | J32: 1 | K32: 2 | O32: 0.5 | Q32: =IFERROR(IF(ROUND(O32*1.2,1)=0,"",ROUND(O32*1.2,1)),"") -> 0.6 | R32: =IFERROR(IF(ROUND(P32*1.2,1)=0,"",ROUND(P32*1.2,1)),"") | S32: =IFERROR(IF(ROUND(Q32*1.2,1)=0,"",ROUND(Q32*1.2,1)),"") -> 0.7 | T32: =IFERROR(IF(ROUND(R32*1.2,1)=0,"",ROUND(R32*1.2,1)),"") | U32: =IFERROR(IF(ROUND(S32*1.2,1)=0,"",ROUND(S32*1.2,1)),"") -> 0.8 | V32: =IFERROR(IF(ROUND(T32*1.2,1)=0,"",ROUND(T32*1.2,1)),"") | W32: =IFERROR(IF(ROUND(U32*1.2,1)=0,"",ROUND(U32*1.2,1)),"") -> 1 | X32: =IFERROR(IF(ROUND(V32*1.2,1)=0,"",ROUND(V32*1.2,1)),"")
B33: 4070 | C33: 서포터 | D33: 15 | E33: 기적 | F33: 사망한 아군 1명을 체력 20%로 부활시킨다. (한 전투당 한 번만 사용 가능) | G33: 0 | H33: 2 | K33: 0 | Q33: =IFERROR(IF(ROUND(O33*1.2,1)=0,"",ROUND(O33*1.2,1)),"") | R33: =IFERROR(IF(ROUND(P33*1.2,1)=0,"",ROUND(P33*1.2,1)),"") | S33: =IFERROR(IF(ROUND(Q33*1.2,1)=0,"",ROUND(Q33*1.2,1)),"") | T33: =IFERROR(IF(ROUND(R33*1.2,1)=0,"",ROUND(R33*1.2,1)),"") | U33: =IFERROR(IF(ROUND(S33*1.2,1)=0,"",ROUND(S33*1.2,1)),"") | V33: =IFERROR(IF(ROUND(T33*1.2,1)=0,"",ROUND(T33*1.2,1)),"") | W33: =IFERROR(IF(ROUND(U33*1.2,1)=0,"",ROUND(U33*1.2,1)),"") | X33: =IFERROR(IF(ROUND(V33*1.2,1)=0,"",ROUND(V33*1.2,1)),"")
B34: 5010 | C34: 파이터 | D34: 1 | E34: 정면 베기 | F34: 적 1명에게 {ClassSkillValue}대미지를 입힌다. 대상이 전열일 경우 {ClassSkillValue}+{ClassSkillSubValue} 대미지를 입힌다. (적 전열이 있을 경우, 전열 우선 공격) | G34: 0 | H34: 0 | I34: 0 | J34: 0 | K34: 0 | L34: {0} | M34: 0 | O34: 1 | P34: 0.2 | Q34: =IFERROR(IF(ROUND(O34*1.2,1)=0,"",ROUND(O34*1.2,1)),"") -> 1.2 | R34: =IFERROR(IF(ROUND(P34*1.2,1)=0,"",ROUND(P34*1.2,1)),"") -> 0.2 | S34: =IFERROR(IF(ROUND(Q34*1.2,1)=0,"",ROUND(Q34*1.2,1)),"") -> 1.4 | T34: =IFERROR(IF(ROUND(R34*1.2,1)=0,"",ROUND(R34*1.2,1)),"") -> 0.2 | U34: =IFERROR(IF(ROUND(S34*1.2,1)=0,"",ROUND(S34*1.2,1)),"") -> 1.7 | V34: =IFERROR(IF(ROUND(T34*1.2,1)=0,"",ROUND(T34*1.2,1)),"") -> 0.2 | W34: =IFERROR(IF(ROUND(U34*1.2,1)=0,"",ROUND(U34*1.2,1)),"") -> 2 | X34: =IFERROR(IF(ROUND(V34*1.2,1)=0,"",ROUND(V34*1.2,1)),"") -> 0.2
B35: 5020 | C35: 파이터 | D35: 3 | E35: 검기 | F35: 적 1명에게 {ClassSkillValue} 대미지를 입힌다. (후열 공격 가능) | G35: 0 | H35: 0 | I35: 2 | J35: 1 | K35: 0 | O35: 1.2 | Q35: =IFERROR(IF(ROUND(O35*1.2,1)=0,"",ROUND(O35*1.2,1)),"") -> 1.4 | R35: =IFERROR(IF(ROUND(P35*1.2,1)=0,"",ROUND(P35*1.2,1)),"") | S35: =IFERROR(IF(ROUND(Q35*1.2,1)=0,"",ROUND(Q35*1.2,1)),"") -> 1.7 | T35: =IFERROR(IF(ROUND(R35*1.2,1)=0,"",ROUND(R35*1.2,1)),"") | U35: =IFERROR(IF(ROUND(S35*1.2,1)=0,"",ROUND(S35*1.2,1)),"") -> 2 | V35: =IFERROR(IF(ROUND(T35*1.2,1)=0,"",ROUND(T35*1.2,1)),"") | W35: =IFERROR(IF(ROUND(U35*1.2,1)=0,"",ROUND(U35*1.2,1)),"") -> 2.4 | X35: =IFERROR(IF(ROUND(V35*1.2,1)=0,"",ROUND(V35*1.2,1)),"")
B36: 5030 | C36: 파이터 | D36: 5 | E36: 후열 돌파 | F36: 적의 후열에 {ClassSkillValue}근접 대미지를 준다. 적의 후열이 없는 경우, 전열에 {ClassSkillSubValue}대미지를 준다. | G36: 0 | H36: 0 | I36: 0 | J36: 2 | K36: 1 | L36: {9} | M36: 0 | O36: 1.2 | P36: =O36*50% -> 0.6 | Q36: =IFERROR(IF(ROUND(O36*1.2,1)=0,"",ROUND(O36*1.2,1)),"") -> 1.4 | R36: =IFERROR(IF(ROUND(P36*1.2,1)=0,"",ROUND(P36*1.2,1)),"") -> 0.7 | S36: =IFERROR(IF(ROUND(Q36*1.2,1)=0,"",ROUND(Q36*1.2,1)),"") -> 1.7 | T36: =IFERROR(IF(ROUND(R36*1.2,1)=0,"",ROUND(R36*1.2,1)),"") -> 0.8 | U36: =IFERROR(IF(ROUND(S36*1.2,1)=0,"",ROUND(S36*1.2,1)),"") -> 2 | V36: =IFERROR(IF(ROUND(T36*1.2,1)=0,"",ROUND(T36*1.2,1)),"") -> 1 | W36: =IFERROR(IF(ROUND(U36*1.2,1)=0,"",ROUND(U36*1.2,1)),"") -> 2.4 | X36: =IFERROR(IF(ROUND(V36*1.2,1)=0,"",ROUND(V36*1.2,1)),"") -> 1.2
B37: 5040 | C37: 파이터 | D37: 7 | E37: 연속 베기 | F37: 적 1명에게 {ClassSkillValue}대미지를 두 번 입힌다. (적 전열이 있을 경우, 전열 우선 공격, 치명타, 회피율 판정은 각각 계산한다.) | G37: 0 | H37: 0 | I37: 0 | J37: 0 | K37: 1 | L37: {0} | M37: 0 | O37: 0.7 | P37: 0.7 | Q37: =IFERROR(IF(ROUND(O37*1.2,1)=0,"",ROUND(O37*1.2,1)),"") -> 0.8 | R37: =IFERROR(IF(ROUND(P37*1.2,1)=0,"",ROUND(P37*1.2,1)),"") -> 0.8 | S37: =IFERROR(IF(ROUND(Q37*1.2,1)=0,"",ROUND(Q37*1.2,1)),"") -> 1 | T37: =IFERROR(IF(ROUND(R37*1.2,1)=0,"",ROUND(R37*1.2,1)),"") -> 1 | U37: =IFERROR(IF(ROUND(S37*1.2,1)=0,"",ROUND(S37*1.2,1)),"") -> 1.2 | V37: =IFERROR(IF(ROUND(T37*1.2,1)=0,"",ROUND(T37*1.2,1)),"") -> 1.2 | W37: =IFERROR(IF(ROUND(U37*1.2,1)=0,"",ROUND(U37*1.2,1)),"") -> 1.4 | X37: =IFERROR(IF(ROUND(V37*1.2,1)=0,"",ROUND(V37*1.2,1)),"") -> 1.4
B38: 5050 | C38: 파이터 | D38: 10 | E38: 급소 찌르기 | F38: 적 1명에게 치명타 확률이 20% 높은 {ClassSkillValue}대미지를 입힌다. (적 전열이 있을 경우, 전열 우선 공격) | G38: 0 | H38: 0 | I38: 0 | J38: 0 | K38: 0 | O38: 1.5 | Q38: =IFERROR(IF(ROUND(O38*1.2,1)=0,"",ROUND(O38*1.2,1)),"") -> 1.8 | R38: =IFERROR(IF(ROUND(P38*1.2,1)=0,"",ROUND(P38*1.2,1)),"") | S38: =IFERROR(IF(ROUND(Q38*1.2,1)=0,"",ROUND(Q38*1.2,1)),"") -> 2.2 | T38: =IFERROR(IF(ROUND(R38*1.2,1)=0,"",ROUND(R38*1.2,1)),"") | U38: =IFERROR(IF(ROUND(S38*1.2,1)=0,"",ROUND(S38*1.2,1)),"") -> 2.6 | V38: =IFERROR(IF(ROUND(T38*1.2,1)=0,"",ROUND(T38*1.2,1)),"") | W38: =IFERROR(IF(ROUND(U38*1.2,1)=0,"",ROUND(U38*1.2,1)),"") -> 3.1 | X38: =IFERROR(IF(ROUND(V38*1.2,1)=0,"",ROUND(V38*1.2,1)),"")
B39: 5060 | C39: 파이터 | D39: 12 | E39: 전술 베기 | F39: 적의 체력이 낮을 수록 높은 대미지를 입힌다. (기본 100% + 적의 최대 체력 대비 현재 체력 10%가 낮아질 때마다 10% 추가, 최대 {ClassSkillValue})(적 전열이 있을 경우, 전열 우선 공격) | G39: 0 | H39: 0 | I39: 0 | J39: 0 | K39: 0 | O39: 1.8 | Q39: =IFERROR(IF(ROUND(O39*1.2,1)=0,"",ROUND(O39*1.2,1)),"") -> 2.2 | R39: =IFERROR(IF(ROUND(P39*1.2,1)=0,"",ROUND(P39*1.2,1)),"") | S39: =IFERROR(IF(ROUND(Q39*1.2,1)=0,"",ROUND(Q39*1.2,1)),"") -> 2.6 | T39: =IFERROR(IF(ROUND(R39*1.2,1)=0,"",ROUND(R39*1.2,1)),"") | U39: =IFERROR(IF(ROUND(S39*1.2,1)=0,"",ROUND(S39*1.2,1)),"") -> 3.1 | V39: =IFERROR(IF(ROUND(T39*1.2,1)=0,"",ROUND(T39*1.2,1)),"") | W39: =IFERROR(IF(ROUND(U39*1.2,1)=0,"",ROUND(U39*1.2,1)),"") -> 3.7 | X39: =IFERROR(IF(ROUND(V39*1.2,1)=0,"",ROUND(V39*1.2,1)),"")
B40: 5070 | C40: 파이터 | D40: 15 | E40: 결투 | F40: 적 1명에게 {ClassSkillValue}대미지를 입힌다. 아군과 적군이 각각 1명씩 남았을 경우 {ClassSkillValue}+{ClassSkillSubValue}대미지를 입힌다. | G40: 0 | H40: 0 | I40: 0 | J40: 0 | K40: 1 | L40: {0} | M40: 0 | O40: 1 | P40: 1.2 | Q40: =IFERROR(IF(ROUND(O40*1.2,1)=0,"",ROUND(O40*1.2,1)),"") -> 1.2 | R40: =IFERROR(IF(ROUND(P40*1.2,1)=0,"",ROUND(P40*1.2,1)),"") -> 1.4 | S40: =IFERROR(IF(ROUND(Q40*1.2,1)=0,"",ROUND(Q40*1.2,1)),"") -> 1.4 | T40: =IFERROR(IF(ROUND(R40*1.2,1)=0,"",ROUND(R40*1.2,1)),"") -> 1.7 | U40: =IFERROR(IF(ROUND(S40*1.2,1)=0,"",ROUND(S40*1.2,1)),"") -> 1.7 | V40: =IFERROR(IF(ROUND(T40*1.2,1)=0,"",ROUND(T40*1.2,1)),"") -> 2 | W40: =IFERROR(IF(ROUND(U40*1.2,1)=0,"",ROUND(U40*1.2,1)),"") -> 2 | X40: =IFERROR(IF(ROUND(V40*1.2,1)=0,"",ROUND(V40*1.2,1)),"") -> 2.4
A55: #End | B55: 직업 스킬 인덱스 | C55: 직업명 | D55: 습득 랭크 | E55: 직업 스킬명 | F55: 직업 스킬 설명 | G55: IP 코스트 | H55: 직업 스킬 효과 (0 공격 1 회복 2 부활) | I55: 직업 스킬 사정거리 (0 근거리 1 원거리) | J55: 직업 스킬 사정거리 라인 0 전열 우선 (적 전열이 있을 경우 전열 공격) 1 전열/후열 선택 가능 2 후열 우선 | K55: 직업 스킬 대상 (0 단일 1 복수 2 전체) | L55: 직업 스킬 복수 대상 (스킬 대상 1일 경우) | M55: 직업 스킬 복수 대상 타입 (0 후보 전체 1 랜덤) (스킬 대상 1일 경우) | N55: 직업 스킬 복수 추가 대상 수 (스킬 대상 1일 경우) | O55: 직업 스킬 계수 Lv1 | P55: 직업 스킬 추가 계수 Lv1 | Q55: 직업 스킬 계수 Lv2 | R55: 직업 스킬 추가 계수 Lv2 | S55: 직업 스킬 계수 Lv3 | T55: 직업 스킬 추가 계수 Lv3 | U55: 직업 스킬 계수 Lv4 | V55: 직업 스킬 추가 계수 Lv4 | W55: 직업 스킬 계수 Lv5 | X55: 직업 스킬 추가 계수 Lv5
A56: #Comment

Sheet 무기
A1: #Comment
B2: 무기 데이터 테이블
A3: #DataName | B3: PlayerWeapon
A4: #Type | B4: int | C4: string | D4: string | E4: string | F4: int | G4: int | H4: int | I4: int | J4: int | K4: int | L4: int | M4: int | N4: int | O4: int | P4: int | Q4: int | R4: int | S4: int | T4: int | U4: percent | V4: percent | W4: percent | X4: int | Y4: int | Z4: string | AA4: string | AB4: int | AC4: int | AD4: int | AE4: int | AF4: int | AG4: list<int> | AH4: int | AI4: int | AJ4: percent | AK4: percent | AL4: percent | AM4: percent | AN4: percent | AO4: percent | AP4: percent | AQ4: percent | AR4: percent | AS4: percent
A5: #Name | B5: WeaponIndex | C5: Class | D5: WeaponName | E5: WaeponDescription | F5: BonusMaxHPLv1 | G5: BonusMaxHPLv2 | H5: BonusMaxHPLv3 | I5: BonusMaxHPLv4 | J5: BonusMaxHPLv5 | K5: BonusATKLv1 | L5: BonusATKLv2 | M5: BonusATKLv3 | N5: BonusATKLv4 | O5: BonusATKLv5 | P5: BonusDEFLv1 | Q5: BonusDEFLv2 | R5: BonusDEFLv3 | S5: BonusDEFLv4 | T5: BonusDEFLv5 | U5: BonusCriticalRate | V5: BonusCounterRate | W5: BonusReduceRate | X5: BonusSpeed | Y5: WeaponSkillIndex | Z5: WeaponSkillName | AA5: WeaponSkillDescription | AB5: IPCost | AC5: WeaponSkillEffect | AD5: WeaponSkillRange | AE5: WeaponSkillRangeLine | AF5: WeaponSkillTarget | AG5: WeaponSkillMultiTarget | AH5: WeaponSkill MultiTargetType | AI5: WeaponSkillMultiTargetCount | AJ5: WeaponSkillValueLv1 | AK5: WeaponSkillSubValueLv1 | AL5: WeaponSkillValueLv2 | AM5: WeaponSkillSubValueLv2 | AN5: WeaponSkillValueLv3 | AO5: WeaponSkillSubValueLv3 | AP5: WeaponSkillValueLv4 | AQ5: WeaponSkillSubValueLv4 | AR5: WeaponSkillValueLv5 | AS5: WeaponSkillSubValueLv5
A6: #Data | B6: 310101 | C6: 가디언 | D6: 하급 수호의 코어 | E6: 기본 제공 무기 | K6: 1 | L6: 2 | M6: 3 | N6: 4 | O6: 5 | Y6: 311010 | Z6: 강타 | AA6: 적 유닛 1명에게 {WeaponSkillValue} 대미지를 준다. (전열 우선) | AB6: 10 | AC6: 0 | AD6: 0 | AE6: 0 | AF6: 0 | AJ6: 1.5 | AL6: =IFERROR(IF(ROUND(AJ6*1.2,1)=0,"",ROUND(AJ6*1.2,1)),"") -> 1.8 | AM6: =IFERROR(IF(ROUND(AK6*1.2,1)=0,"",ROUND(AK6*1.2,1)),"") | AN6: =IFERROR(IF(ROUND(AL6*1.2,1)=0,"",ROUND(AL6*1.2,1)),"") -> 2.2 | AO6: =IFERROR(IF(ROUND(AM6*1.2,1)=0,"",ROUND(AM6*1.2,1)),"") | AP6: =IFERROR(IF(ROUND(AN6*1.2,1)=0,"",ROUND(AN6*1.2,1)),"") -> 2.6 | AQ6: =IFERROR(IF(ROUND(AO6*1.2,1)=0,"",ROUND(AO6*1.2,1)),"") | AR6: =IFERROR(IF(ROUND(AP6*1.2,1)=0,"",ROUND(AP6*1.2,1)),"") -> 3.1 | AS6: =IFERROR(IF(ROUND(AQ6*1.2,1)=0,"",ROUND(AQ6*1.2,1)),"")
B7: 310102 | C7: 가디언 | D7: 중급 수호의 코어 | E7: 후열 특화 무기 | K7: 2 | L7: 3 | M7: 4 | N7: 5 | O7: 6 | U7: 0.15 | Y7: 311020 | Z7: 기합 | AA7: 적 유닛 1명에게 기합을 날려 원거리 대미지 {WeaponSkillValue}를 준다. | AB7: 30 | AC7: 0 | AD7: 0 | AE7: 1 | AF7: 0 | AJ7: 1.8 | AL7: =IFERROR(IF(ROUND(AJ7*1.2,1)=0,"",ROUND(AJ7*1.2,1)),"") -> 2.2 | AM7: =IFERROR(IF(ROUND(AK7*1.2,1)=0,"",ROUND(AK7*1.2,1)),"") | AN7: =IFERROR(IF(ROUND(AL7*1.2,1)=0,"",ROUND(AL7*1.2,1)),"") -> 2.6 | AO7: =IFERROR(IF(ROUND(AM7*1.2,1)=0,"",ROUND(AM7*1.2,1)),"") | AP7: =IFERROR(IF(ROUND(AN7*1.2,1)=0,"",ROUND(AN7*1.2,1)),"") -> 3.1 | AQ7: =IFERROR(IF(ROUND(AO7*1.2,1)=0,"",ROUND(AO7*1.2,1)),"") | AR7: =IFERROR(IF(ROUND(AP7*1.2,1)=0,"",ROUND(AP7*1.2,1)),"") -> 3.7 | AS7: =IFERROR(IF(ROUND(AQ7*1.2,1)=0,"",ROUND(AQ7*1.2,1)),"")
B8: 310103 | C8: 가디언 | D8: 상급 수호의 코어 | E8: 최상급 무기 | K8: 3 | L8: 4 | M8: 5 | N8: 6 | O8: 7 | V8: 0.1 | Y8: 311030 | Z8: 회전 베기 | AA8: 적 유닛 1명에게 {WeaponSkillValue} 대미지를 준다. (전열 우선) | AB8: 50 | AC8: 0 | AD8: 0 | AE8: 0 | AF8: 0 | AJ8: 2.5 | AL8: =IFERROR(IF(ROUND(AJ8*1.2,1)=0,"",ROUND(AJ8*1.2,1)),"") -> 3 | AM8: =IFERROR(IF(ROUND(AK8*1.2,1)=0,"",ROUND(AK8*1.2,1)),"") | AN8: =IFERROR(IF(ROUND(AL8*1.2,1)=0,"",ROUND(AL8*1.2,1)),"") -> 3.6 | AO8: =IFERROR(IF(ROUND(AM8*1.2,1)=0,"",ROUND(AM8*1.2,1)),"") | AP8: =IFERROR(IF(ROUND(AN8*1.2,1)=0,"",ROUND(AN8*1.2,1)),"") -> 4.3 | AQ8: =IFERROR(IF(ROUND(AO8*1.2,1)=0,"",ROUND(AO8*1.2,1)),"") | AR8: =IFERROR(IF(ROUND(AP8*1.2,1)=0,"",ROUND(AP8*1.2,1)),"") -> 5.2 | AS8: =IFERROR(IF(ROUND(AQ8*1.2,1)=0,"",ROUND(AQ8*1.2,1)),"")
B9: 310201 | C9: 블래스터 | D9: 하급 폭주의 코어 | E9: 기본 제공 무기 | K9: 1 | L9: 2 | M9: 3 | N9: 4 | O9: 5 | Y9: 313010 | Z9: 매직 미사일 | AA9: 적 유닛 1명에게 {WeaponSkillValue} 대미지를 준다. | AB9: 10 | AC9: 0 | AD9: 1 | AE9: 1 | AF9: 0 | AJ9: 1.5 | AL9: =IFERROR(IF(ROUND(AJ9*1.2,1)=0,"",ROUND(AJ9*1.2,1)),"") -> 1.8 | AM9: =IFERROR(IF(ROUND(AK9*1.2,1)=0,"",ROUND(AK9*1.2,1)),"") | AN9: =IFERROR(IF(ROUND(AL9*1.2,1)=0,"",ROUND(AL9*1.2,1)),"") -> 2.2 | AO9: =IFERROR(IF(ROUND(AM9*1.2,1)=0,"",ROUND(AM9*1.2,1)),"") | AP9: =IFERROR(IF(ROUND(AN9*1.2,1)=0,"",ROUND(AN9*1.2,1)),"") -> 2.6 | AQ9: =IFERROR(IF(ROUND(AO9*1.2,1)=0,"",ROUND(AO9*1.2,1)),"") | AR9: =IFERROR(IF(ROUND(AP9*1.2,1)=0,"",ROUND(AP9*1.2,1)),"") -> 3.1 | AS9: =IFERROR(IF(ROUND(AQ9*1.2,1)=0,"",ROUND(AQ9*1.2,1)),"")
B10: 310202 | C10: 블래스터 | D10: 중급 폭주의 코어 | E10: 전열 특화 무기 | K10: 2 | L10: 3 | M10: 4 | N10: 5 | O10: 6 | U10: 0.07 | V10: 0.07 | Y10: 313020 | Z10: 더블 클로 | AA10: 적 1명에게 {WeaponSkillValue} 대미지를 주고, 인접한 적 1명에게 추가로 {WeaponSkillSubValue} 대미지를 준다. (근거리로 취급하나 후열 공격 가능) | AB10: 30 | AC10: 0 | AD10: 0 | AE10: 1 | AF10: 1 | AG10: {1,3,5} | AH10: 1 | AI10: 1 | AJ10: 0.8 | AK10: 0.8 | AL10: =IFERROR(IF(ROUND(AJ10*1.2,1)=0,"",ROUND(AJ10*1.2,1)),"") -> 1 | AM10: =IFERROR(IF(ROUND(AK10*1.2,1)=0,"",ROUND(AK10*1.2,1)),"") -> 1 | AN10: =IFERROR(IF(ROUND(AL10*1.2,1)=0,"",ROUND(AL10*1.2,1)),"") -> 1.2 | AO10: =IFERROR(IF(ROUND(AM10*1.2,1)=0,"",ROUND(AM10*1.2,1)),"") -> 1.2 | AP10: =IFERROR(IF(ROUND(AN10*1.2,1)=0,"",ROUND(AN10*1.2,1)),"") -> 1.4 | AQ10: =IFERROR(IF(ROUND(AO10*1.2,1)=0,"",ROUND(AO10*1.2,1)),"") -> 1.4 | AR10: =IFERROR(IF(ROUND(AP10*1.2,1)=0,"",ROUND(AP10*1.2,1)),"") -> 1.7 | AS10: =IFERROR(IF(ROUND(AQ10*1.2,1)=0,"",ROUND(AQ10*1.2,1)),"") -> 1.7
B11: 310203 | C11: 블래스터 | D11: 상급 폭주의 코어 | E11: 최상급 무기 | K11: 3 | L11: 4 | M11: 5 | N11: 6 | O11: 7 | U11: 0.05 | W11: 0.05 | Y11: 313030 | Z11: 마력 방출 | AA11: 적 모든 유닛에게 {WeaponSkillValue} 대미지를 준다. | AB11: 50 | AC11: 0 | AD11: 1 | AE11: 1 | AF11: 2 | AJ11: 1.2 | AL11: =IFERROR(IF(ROUND(AJ11*1.2,1)=0,"",ROUND(AJ11*1.2,1)),"") -> 1.4 | AM11: =IFERROR(IF(ROUND(AK11*1.2,1)=0,"",ROUND(AK11*1.2,1)),"") | AN11: =IFERROR(IF(ROUND(AL11*1.2,1)=0,"",ROUND(AL11*1.2,1)),"") -> 1.7 | AO11: =IFERROR(IF(ROUND(AM11*1.2,1)=0,"",ROUND(AM11*1.2,1)),"") | AP11: =IFERROR(IF(ROUND(AN11*1.2,1)=0,"",ROUND(AN11*1.2,1)),"") -> 2 | AQ11: =IFERROR(IF(ROUND(AO11*1.2,1)=0,"",ROUND(AO11*1.2,1)),"") | AR11: =IFERROR(IF(ROUND(AP11*1.2,1)=0,"",ROUND(AP11*1.2,1)),"") -> 2.4 | AS11: =IFERROR(IF(ROUND(AQ11*1.2,1)=0,"",ROUND(AQ11*1.2,1)),"")
B12: 310301 | C12: 스트라이커 | D12: 하급 정밀의 코어 | E12: 기본 제공 무기 | K12: 1 | L12: 2 | M12: 3 | N12: 4 | O12: 5 | Y12: 312010 | Z12: 정밀 조준 | AA12: 적 유닛 1명에게 {WeaponSkillValue} 대미지를 준다. | AB12: 10 | AC12: 0 | AD12: 1 | AE12: 1 | AF12: 0 | AJ12: 1.5 | AL12: =IFERROR(IF(ROUND(AJ12*1.2,1)=0,"",ROUND(AJ12*1.2,1)),"") -> 1.8 | AM12: =IFERROR(IF(ROUND(AK12*1.2,1)=0,"",ROUND(AK12*1.2,1)),"") | AN12: =IFERROR(IF(ROUND(AL12*1.2,1)=0,"",ROUND(AL12*1.2,1)),"") -> 2.2 | AO12: =IFERROR(IF(ROUND(AM12*1.2,1)=0,"",ROUND(AM12*1.2,1)),"") | AP12: =IFERROR(IF(ROUND(AN12*1.2,1)=0,"",ROUND(AN12*1.2,1)),"") -> 2.6 | AQ12: =IFERROR(IF(ROUND(AO12*1.2,1)=0,"",ROUND(AO12*1.2,1)),"") | AR12: =IFERROR(IF(ROUND(AP12*1.2,1)=0,"",ROUND(AP12*1.2,1)),"") -> 3.1 | AS12: =IFERROR(IF(ROUND(AQ12*1.2,1)=0,"",ROUND(AQ12*1.2,1)),"")
B13: 310302 | C13: 스트라이커 | D13: 중급 정밀의 코어 | E13: 전열 특화 무기 | K13: 2 | L13: 3 | M13: 4 | N13: 5 | O13: 6 | V13: 0.15 | Y13: 312020 | Z13: 숏보우 | AA13: 적 한 열의 적에게 화살을 발사하여 {WeaponSkillValue} 대미지를 준다 (전열 우선) | AB13: 30 | AC13: 0 | AD13: 0 | AE13: 0 | AF13: 1 | AG13: {9} | AH13: 0 | AJ13: 1.2 | AL13: =IFERROR(IF(ROUND(AJ13*1.2,1)=0,"",ROUND(AJ13*1.2,1)),"") -> 1.4 | AM13: =IFERROR(IF(ROUND(AK13*1.2,1)=0,"",ROUND(AK13*1.2,1)),"") | AN13: =IFERROR(IF(ROUND(AL13*1.2,1)=0,"",ROUND(AL13*1.2,1)),"") -> 1.7 | AO13: =IFERROR(IF(ROUND(AM13*1.2,1)=0,"",ROUND(AM13*1.2,1)),"") | AP13: =IFERROR(IF(ROUND(AN13*1.2,1)=0,"",ROUND(AN13*1.2,1)),"") -> 2 | AQ13: =IFERROR(IF(ROUND(AO13*1.2,1)=0,"",ROUND(AO13*1.2,1)),"") | AR13: =IFERROR(IF(ROUND(AP13*1.2,1)=0,"",ROUND(AP13*1.2,1)),"") -> 2.4 | AS13: =IFERROR(IF(ROUND(AQ13*1.2,1)=0,"",ROUND(AQ13*1.2,1)),"")
B14: 310303 | C14: 스트라이커 | D14: 상급 정밀의 코어 | E14: 최상급 무기 | K14: 3 | L14: 4 | M14: 5 | N14: 6 | O14: 7 | U14: 0.1 | Y14: 312030 | Z14: 속사 | AA14: 적 유닛 한 명에게 {WeaponSkillValue} 대미지를 주는 화살을 두 발 발사한다. (확률 보정은 독립적으로 진행) | AB14: 50 | AC14: 0 | AD14: 1 | AE14: 1 | AF14: 0 | AJ14: 1.2 | AK14: 1.2 | AL14: =IFERROR(IF(ROUND(AJ14*1.2,1)=0,"",ROUND(AJ14*1.2,1)),"") -> 1.4 | AM14: =IFERROR(IF(ROUND(AK14*1.2,1)=0,"",ROUND(AK14*1.2,1)),"") -> 1.4 | AN14: =IFERROR(IF(ROUND(AL14*1.2,1)=0,"",ROUND(AL14*1.2,1)),"") -> 1.7 | AO14: =IFERROR(IF(ROUND(AM14*1.2,1)=0,"",ROUND(AM14*1.2,1)),"") -> 1.7 | AP14: =IFERROR(IF(ROUND(AN14*1.2,1)=0,"",ROUND(AN14*1.2,1)),"") -> 2 | AQ14: =IFERROR(IF(ROUND(AO14*1.2,1)=0,"",ROUND(AO14*1.2,1)),"") -> 2 | AR14: =IFERROR(IF(ROUND(AP14*1.2,1)=0,"",ROUND(AP14*1.2,1)),"") -> 2.4 | AS14: =IFERROR(IF(ROUND(AQ14*1.2,1)=0,"",ROUND(AQ14*1.2,1)),"") -> 2.4
B15: 310401 | C15: 서포터 | D15: 하급 회복의 코어 | E15: 기본 제공 무기 | K15: 1 | L15: 2 | M15: 3 | N15: 4 | O15: 5 | Y15: 314010 | Z15: 성광 | AA15: 적 유닛 1명에게 {WeaponSkillValue} 대미지를 준다. | AB15: 10 | AC15: 0 | AD15: 1 | AE15: 1 | AF15: 0 | AJ15: 1.5 | AL15: =IFERROR(IF(ROUND(AJ15*1.2,1)=0,"",ROUND(AJ15*1.2,1)),"") -> 1.8 | AM15: =IFERROR(IF(ROUND(AK15*1.2,1)=0,"",ROUND(AK15*1.2,1)),"") | AN15: =IFERROR(IF(ROUND(AL15*1.2,1)=0,"",ROUND(AL15*1.2,1)),"") -> 2.2 | AO15: =IFERROR(IF(ROUND(AM15*1.2,1)=0,"",ROUND(AM15*1.2,1)),"") | AP15: =IFERROR(IF(ROUND(AN15*1.2,1)=0,"",ROUND(AN15*1.2,1)),"") -> 2.6 | AQ15: =IFERROR(IF(ROUND(AO15*1.2,1)=0,"",ROUND(AO15*1.2,1)),"") | AR15: =IFERROR(IF(ROUND(AP15*1.2,1)=0,"",ROUND(AP15*1.2,1)),"") -> 3.1 | AS15: =IFERROR(IF(ROUND(AQ15*1.2,1)=0,"",ROUND(AQ15*1.2,1)),"")
B16: 310402 | C16: 서포터 | D16: 중급 회복의 코어 | E16: 공격 특화 무기 | K16: 5 | L16: 6 | M16: 7 | N16: 8 | O16: 9 | U16: 0.1 | Y16: 314020 | Z16: 신성한 주먹 | AA16: 적 유닛 1명을 신성력을 두른 폭주의 코어로 근접 타격하여 {WeaponSkillValue} 대미지를 준다. (전열 우선) | AB16: 30 | AC16: 0 | AD16: 0 | AE16: 0 | AF16: 0 | AJ16: 1.8 | AL16: =IFERROR(IF(ROUND(AJ16*1.2,1)=0,"",ROUND(AJ16*1.2,1)),"") -> 2.2 | AM16: =IFERROR(IF(ROUND(AK16*1.2,1)=0,"",ROUND(AK16*1.2,1)),"") | AN16: =IFERROR(IF(ROUND(AL16*1.2,1)=0,"",ROUND(AL16*1.2,1)),"") -> 2.6 | AO16: =IFERROR(IF(ROUND(AM16*1.2,1)=0,"",ROUND(AM16*1.2,1)),"") | AP16: =IFERROR(IF(ROUND(AN16*1.2,1)=0,"",ROUND(AN16*1.2,1)),"") -> 3.1 | AQ16: =IFERROR(IF(ROUND(AO16*1.2,1)=0,"",ROUND(AO16*1.2,1)),"") | AR16: =IFERROR(IF(ROUND(AP16*1.2,1)=0,"",ROUND(AP16*1.2,1)),"") -> 3.7 | AS16: =IFERROR(IF(ROUND(AQ16*1.2,1)=0,"",ROUND(AQ16*1.2,1)),"")
B17: 310403 | C17: 서포터 | D17: 상급 회복의 코어 | E17: 최상급 무기 | K17: 3 | L17: 4 | M17: 5 | N17: 6 | O17: 7 | W17: 0.1 | Y17: 314030 | Z17: 성스러운 일격 | AA17: 적 모든 유닛에게 {WeaponSkillValue} 대미지를 주고, 입힌 피해만큼 체력을 회복한다. | AB17: 50 | AC17: 0 | AD17: 1 | AE17: 1 | AF17: 2 | AJ17: 1.5 | AL17: =IFERROR(IF(ROUND(AJ17*1.2,1)=0,"",ROUND(AJ17*1.2,1)),"") -> 1.8 | AM17: =IFERROR(IF(ROUND(AK17*1.2,1)=0,"",ROUND(AK17*1.2,1)),"") | AN17: =IFERROR(IF(ROUND(AL17*1.2,1)=0,"",ROUND(AL17*1.2,1)),"") -> 2.2 | AO17: =IFERROR(IF(ROUND(AM17*1.2,1)=0,"",ROUND(AM17*1.2,1)),"") | AP17: =IFERROR(IF(ROUND(AN17*1.2,1)=0,"",ROUND(AN17*1.2,1)),"") -> 2.6 | AQ17: =IFERROR(IF(ROUND(AO17*1.2,1)=0,"",ROUND(AO17*1.2,1)),"") | AR17: =IFERROR(IF(ROUND(AP17*1.2,1)=0,"",ROUND(AP17*1.2,1)),"") -> 3.1 | AS17: =IFERROR(IF(ROUND(AQ17*1.2,1)=0,"",ROUND(AQ17*1.2,1)),"")
B18: 310501 | C18: 파이터 | D18: 하급 투쟁의 코어 | E18: 기본 제공 무기 | K18: 1 | L18: 2 | M18: 3 | N18: 4 | O18: 5 | Y18: 315010 | Z18: 베어가르기 | AA18: 적 유닛 1명에게 {WeaponSkillValue} 대미지를 준다. (전열 우선) | AB18: 10 | AC18: 0 | AD18: 0 | AE18: 0 | AF18: 0 | AJ18: 1.5 | AL18: =IFERROR(IF(ROUND(AJ18*1.2,1)=0,"",ROUND(AJ18*1.2,1)),"") -> 1.8 | AM18: =IFERROR(IF(ROUND(AK18*1.2,1)=0,"",ROUND(AK18*1.2,1)),"") | AN18: =IFERROR(IF(ROUND(AL18*1.2,1)=0,"",ROUND(AL18*1.2,1)),"") -> 2.2 | AO18: =IFERROR(IF(ROUND(AM18*1.2,1)=0,"",ROUND(AM18*1.2,1)),"") | AP18: =IFERROR(IF(ROUND(AN18*1.2,1)=0,"",ROUND(AN18*1.2,1)),"") -> 2.6 | AQ18: =IFERROR(IF(ROUND(AO18*1.2,1)=0,"",ROUND(AO18*1.2,1)),"") | AR18: =IFERROR(IF(ROUND(AP18*1.2,1)=0,"",ROUND(AP18*1.2,1)),"") -> 3.1 | AS18: =IFERROR(IF(ROUND(AQ18*1.2,1)=0,"",ROUND(AQ18*1.2,1)),"")
B19: 310502 | C19: 파이터 | D19: 중급 투쟁의 코어 | E19: 후열 특화 무기 | K19: 2 | L19: 3 | M19: 4 | N19: 5 | O19: 6 | U19: 0.07 | W19: 0.07 | Y19: 315020 | Z19: 환영 공격 | AA19: 자신이 후열일 경우 후열 공격이 가능하다. 근거리 공격 {WeaponSkillValue} 대미지를 준다. (후열이 아닌 경우 전열 우선) | AB19: 30 | AC19: 0 | AD19: 1 | AE19: 0 | AF19: 0 | AJ19: 1.8 | AL19: =IFERROR(IF(ROUND(AJ19*1.2,1)=0,"",ROUND(AJ19*1.2,1)),"") -> 2.2 | AM19: =IFERROR(IF(ROUND(AK19*1.2,1)=0,"",ROUND(AK19*1.2,1)),"") | AN19: =IFERROR(IF(ROUND(AL19*1.2,1)=0,"",ROUND(AL19*1.2,1)),"") -> 2.6 | AO19: =IFERROR(IF(ROUND(AM19*1.2,1)=0,"",ROUND(AM19*1.2,1)),"") | AP19: =IFERROR(IF(ROUND(AN19*1.2,1)=0,"",ROUND(AN19*1.2,1)),"") -> 3.1 | AQ19: =IFERROR(IF(ROUND(AO19*1.2,1)=0,"",ROUND(AO19*1.2,1)),"") | AR19: =IFERROR(IF(ROUND(AP19*1.2,1)=0,"",ROUND(AP19*1.2,1)),"") -> 3.7 | AS19: =IFERROR(IF(ROUND(AQ19*1.2,1)=0,"",ROUND(AQ19*1.2,1)),"")
B20: 310503 | C20: 파이터 | D20: 상급 투쟁의 코어 | E20: 최상급 무기 | K20: 3 | L20: 4 | M20: 5 | N20: 6 | O20: 7 | U20: 0.1 | Y20: 315030 | Z20: 강습 | AA20: 적 유닛 1명에게 {WeaponSkillValue} 대미지를 준다. (전열 우선) | AB20: 50 | AC20: 0 | AD20: 0 | AE20: 0 | AF20: 0 | AJ20: 2.5 | AL20: =IFERROR(IF(ROUND(AJ20*1.2,1)=0,"",ROUND(AJ20*1.2,1)),"") -> 3 | AM20: =IFERROR(IF(ROUND(AK20*1.2,1)=0,"",ROUND(AK20*1.2,1)),"") | AN20: =IFERROR(IF(ROUND(AL20*1.2,1)=0,"",ROUND(AL20*1.2,1)),"") -> 3.6 | AO20: =IFERROR(IF(ROUND(AM20*1.2,1)=0,"",ROUND(AM20*1.2,1)),"") | AP20: =IFERROR(IF(ROUND(AN20*1.2,1)=0,"",ROUND(AN20*1.2,1)),"") -> 4.3 | AQ20: =IFERROR(IF(ROUND(AO20*1.2,1)=0,"",ROUND(AO20*1.2,1)),"") | AR20: =IFERROR(IF(ROUND(AP20*1.2,1)=0,"",ROUND(AP20*1.2,1)),"") -> 5.2 | AS20: =IFERROR(IF(ROUND(AQ20*1.2,1)=0,"",ROUND(AQ20*1.2,1)),"")
A22: #End
A23: #Comment | B23: 무기 식별용 인덱스 | C23: 사용 유닛 클래스 | D23: 인게임상 표기 장비 이름 | E23: 인게임상 표기 설명 | F23: Lv1일 때 무기 체력 | G23: Lv2일 때 무기 체력 | H23: Lv3일 때 무기 체력 | I23: Lv4일 때 무기 체력 | J23: Lv5일 때 무기 체력 | K23: Lv1일 때 무기 공격력 | L23: Lv2일 때 무기 공격력 | M23: Lv3일 때 무기 공격력 | N23: Lv4일 때 무기 공격력 | O23: Lv5일 때 무기 공격력 | P23: Lv1일 때 무기 방어력 | Q23: Lv2일 때 무기 방어력 | R23: Lv3일 때 무기 방어력 | S23: Lv34 때 무기 방어력 | T23: Lv5일 때 무기 방어력 | U23: 무기 치명타율 | V23: 무기 반격률 | W23: 무기 피해 경감율 | X23: 무기 스피드 | Y23: 무기 스킬 인덱스용 테이블 | Z23: 인게임 표기 무기 스킬명 | AA23: 인게임 표기 무기 설명 | AB23: IP 코스트 | AC23: 무기 스킬 효과 (0 공격 1 회복 2 부활) | AD23: 무기 스킬 사정거리 (0 근거리 1 원거리) | AE23: 무기 스킬 사정거리 라인 0 전열 우선 (적 전열이 있을 경우 전열 공격) 1 전열/후열 선택 가능 2 후열 우선 | AF23: 무기 스킬 대상 (0 단일 1 복수 2 전체) | AG23: 무기 스킬 복수 대상 (스킬 대상 1일 경우) | AH23: 무기 스킬 복수 대상 타입 (0 후보 전체 1 랜덤) (스킬 대상 1일 경우) | AI23: 무기 스킬 복수 추가 대상 수 (스킬 대상 1일 경우) | AJ23: 무기 스킬 계수 Lv1 | AK23: 무기 스킬 추가 계수 Lv1 | AL23: 무기 스킬 계수 Lv2 | AM23: 무기 스킬 추가 계수 Lv2 | AN23: 무기 스킬 계수 Lv3 | AO23: 무기 스킬 추가 계수 Lv3 | AP23: 무기 스킬 계수 Lv4 | AQ23: 무기 스킬 추가 계수 Lv4 | AR23: 무기 스킬 계수 Lv5 | AS23: 무기 스킬 추가 계수 Lv5
